,Game ID,word1,word2,word3,word4
0,1,SNOW,LEVEL,SHIFT,KAYAK
1,1,HEAT,TAB,BUCKS,RETURN
2,1,JAZZ,HAIL,OPTION,RAIN
3,1,SLEET,RACECAR,MOM,NETS
4,2,PUMP,FOOT,TIME,SEA
5,2,LEAGUE,LOAFER,WHY,US
6,2,BOOT,YARD,PEOPLE,ARE
7,2,MILE,SNEAKER,QUEUE,ESSENCE
8,3,AMIGO,MOUTH,LAB,STOOGE
9,3,WOLF,KING,NOSE,CHOW
10,3,TENOR,POM,SCARF,EYE
11,3,PIT,GOBBLE,PEKE,CHEEK
12,4,DUST,CATS,SPIDER,CAROUSEL
13,4,PUMA,IRON,NIKE,MOP
14,4,CHICAGO,SWEEP,SUPER,BAT
15,4,REEBOK,CABARET,VACUUM,ADIDAS
16,5,MUSTARD,TARTAR,PLUM,BLUE
17,5,GREEN,PRIME,GLUM,RELISH
18,5,DOWN,PEACOCK,KETCHUP,LOW
19,5,HULU,SCARLET,MAYO,NETFLIX
20,6,WONDER,FUTURE,BABY,GO
21,6,SIN,CHANCE,ROYAL,ICE CUBE
22,6,MIDNIGHT,JAIL,SEA,POWDER
23,6,Q-TIP,SISTER,BOARDWALK,COMMON
24,7,JOHN,CUB,STAR,SILVER
25,7,KNEE,THRONE,JOEY,JELLY
26,7,CALF,ANKLE,CRAY,HEAD
27,7,SHIN,CAN,KID,THIGH
28,8,LOCKSMITH,FIRE TRUCK,KING,PIANO
29,8,CHESS,RUBY,FLORIDA,TWIN
30,8,CHERRY,QUEEN,STOP SIGN,GO
31,8,CHECKERS,CRYPTOGRAPHY,FULL,BACKGAMMON
32,9,SQUASH,TEE,CARROT,ANT
33,9,TANK,CORN,CRICKET,MANTIS
34,9,POLO,ONION,BEETLE,BEET
35,9,CAMI,TERMITE,HALTER,FENCING
36,10,TWINS,TURKEY,GOAT,KIWI
37,10,SCALES,FISH,JORDAN,JAY
38,10,ORANGE,GEORGIA,DATE,CRANE
39,10,TOGO,SWALLOW,LEMON,CHAD
40,11,SUGAR,ANGEL,GINGER,BIRD
41,11,BABY,CUMIN,BOO,SCARY
42,11,SWEETIE,CORIANDER,AIRPLANE,CLOVE
43,11,PEGASUS,HONEY,CARDAMOM,POSH
44,12,LUST,PRIDE,TAN,SCHOOL
45,12,SLOTH,SEC,PACK,COT
46,12,SNAIL,GREED,SIN,FLOCK
47,12,POD,LORIS,ENVY,TORTOISE
48,13,KNEW,GNOME,IOTA,FRONTIER
49,13,DELTA,CHI,GNOCCHI,NEW
50,13,SPIRIT,BETA,VIRGIN,GNAW
51,13,NU,GNAT,UNITED,GNU
52,14,CANOPY,LINK,PASSPORT,MARX
53,14,PILOT,SONIC,WRIGHT,ACCORD
54,14,MURPHY,CRASH,CIVIC,BUNK
55,14,MARIO,JONAS,TRUNDLE,WARNER
56,15,SILVER,TWEET,ROD,SPARROW
57,15,BROWN,TACKLE,HOOK,PINK
58,15,CAW,JONES,VIOLET,REEL
59,15,TURQUOISE,CHIRP,LURE,CLUCK
60,16,BEAN,ESPRESSO,ALMOND,FOREST
61,16,PECAN,CLEAN,KELLY,LATTE
62,16,PEANUT,EMERALD,AMERICANO,FOX
63,16,OLIVE,WALNUT,CAPPUCCINO,CASHEW
64,17,TIDE,BERMUDA,STERN,SCARF
65,17,LOVE,ASCOT,GAIN,BOW
66,17,RIGHT,ERA,PORT,BOLO
67,17,ACUTE,TIE,ALL,STARBOARD
68,18,GREY,CUP,BILL,RIBBON
69,18,QUAD,BEAR,HOUSE,LAT
70,18,QUINN,TRI,MEDAL,COMMANDER
71,18,BROWN,TROPHY,PEC,HOWSER
72,19,CREAM,GARLIC,PORK,ROW
73,19,MIRROR,BEEF,SPAT,EGGSHELL
74,19,POULTRY,STAKE,TIFF,VANILLA
75,19,IVORY,QUARREL,VENISON,CRUCIFIX
76,20,KING,OAT,STONE,RICE
77,20,BARLEY,BONG,DUKE,FORD
78,20,BROWN,SPELT,LEE,EARL
79,20,HOWARD,BARON,RYE,PRINCE
80,21,OPERA,BABY,WAYNE,JO
81,21,POP,MEG,SAFARI,KIM
82,21,RAP,CHROME,BETH,JAZZ
83,21,PUNK,JON,AMY,EDGE
84,22,BITE,STOP,TRUNK,BOXER
85,22,WAVE,YIELD,MUZZLE,BARRIER
86,22,DETOUR,HUSKY,SNOUT,ASLEEP
87,22,DALMATIAN,BEAK,SLOW,POODLE
88,23,BEACH BOY,TWIST,CHAIN,ROLLING STONE
89,23,MASHED POTATO,WIRED,WEBSITE,BEATLE
90,23,SAUSAGE,BYRD,DOUGIE,FORTUNE
91,23,MACARENA,VOGUE,GOLF COURSE,MONKEE
92,24,MILKY WAY,GENESIS,HAMMER,SUM
93,24,SWITCH,MAROON,BOUNTY,U
94,24,ANVIL,CRUNCH,BLINK,STIRRUP
95,24,HEATH,WII,COCHLEA,DREAMCAST
96,25,MOUSSE,WALRUS,FUDGE,HORSESHOE
97,25,SHOOT,PENCIL,ELEPHANT,FLAN
98,25,NARWHAL,HIPPO,HECK,HANDLEBAR
99,25,TIRAMISU,DARN,WARTHOG,CHEESECAKE
100,26,PETTY,PARROT,POLAND,CRUISE
101,26,MIX,MIMIC,HOLLAND,GREECE
102,26,ECHO,MILD,LIVID,COPY
103,26,PORTUGAL,WAITS,DENMARK,DILL
104,27,HEART,BERET,SPINE,POT
105,27,ASS,KIDNEY,FEZ,JACKET
106,27,BOWLER,RABBIT,LIVER,COVER
107,27,LUNG,PAGE,FEDORA,KNIFE
108,28,COCONUT,ZIP,PENGUIN,DOC
109,28,KIWI,HAPPY,TIFF,BANANA
110,28,EMU,GRUMPY,MANGO,GIF
111,28,PDF,OSTRICH,BASHFUL,PINEAPPLE
112,29,SKATE,ADD,COPY,FLY
113,29,ALLEY,TANG,MOTH,COOL
114,29,DIVIDE,SOLE,LAP,SUBTRACT
115,29,TETRA,GNAT,MULTIPLY,WASP
116,30,SPIRAL,HIP,MOTHER,RAVEN
117,30,ELBOW,AIRPLANE,KNEE,SHELL
118,30,COWBOY,SHOULDER,OKLAHOMA,BOWTIE
119,30,THEM,PACKER,WRIST,BRONCO
120,31,PAD,LIMA,CONE,TOMATO
121,31,POLISH,PEPPER,PHONE,PYRAMID
122,31,CUBE,MOBILE,JOB,CUCUMBER
123,31,EGGPLANT,MAC,SPHERE,POD
124,32,SOLE,TROUBLE,HUNT,CEMENT
125,32,SMART,TONGUE,SOUL,BOND
126,32,LACE,BAND,SORRY,RYAN
127,32,CLUE,HEEL,DUCKIE,RISK
128,33,TUG,CHUCK,JUNK,CLUB
129,33,SHANK,ROB,SUB,FLANK
130,33,CUBAN,FERRY,LOIN,SUE
131,33,JOSH,ROUND,MELT,YACHT
132,34,ROCK,FUNK,BUCK,BOUQUET
133,34,SHOOT,BULL,COUNTRY,JACK
134,34,SOUL,SCENT,SCISSORS,BOAR
135,34,FRAGRANCE,PAPER,BLUES,AROMA
136,35,NICKEL,HALF,HORSESHOE,TIN
137,35,RAINBOW,QUARTER,NECK,LEAD
138,35,PENNY,CLOVER,IRON,SO
139,35,ZINC,AGAIN,DIME,MOON
140,36,EYE,MARS,PAPER,TRUTH
141,36,WOMBAT,GUN,MOLE RAT,CHUNKY
142,36,CHEDDAR,CRUNCH,KANGAROO,DOUGH
143,36,KOALA,STACKS,MOUNDS,WALLABY
144,37,SPOKE,MOVE,CUB,SEAL
145,37,HAWK,CHAIN,DOLPHIN,CHIN
146,37,SADDLE,PEDDLE,MALT,OTTER
147,37,MANATEE,BRAKE,VEND,TONG
148,38,MOUNTAIN,ELM,ONION,JUMP
149,38,PLAIN,VALLEY,OAK,POPPY
150,38,POPLAR,SESAME,CANYON,FEAR
151,38,PLATEAU,ASH,EVERYTHING,CEDAR
152,39,PEPPER,MOLE,WATCH,BOB
153,39,SECOND,EVIL,CROP,CLOCK
154,39,NO,NEWTON,SUNDIAL,PIXIE
155,39,HERTZ,HOURGLASS,SHAG,J
156,40,AVIATOR,FLUTE,MONK,LID
157,40,HARBOR,HARP,CLARINET,CAT EYE
158,40,TOP,HOODED,BASSOON,COVER
159,40,OBOE,WAYFARER,CAP,WRAPAROUND
160,41,FIJI,MUD,POP,PALAU
161,41,JOE,SAM,JAPAN,BREW
162,41,CUBA,VOSS,TONY,JAVA
163,41,DASANI,MALTA,EVIAN,LUCKY
164,42,DASH,MASK,JUNGLE,PERIOD
165,42,HOUSE,HYPHEN,SNORKEL,BOLT
166,42,FAT,TANK,COLON,RACE
167,42,FINS,SPRINT,DOJA,COMMA
168,43,CANARY,IRATE,LOST,SCHOOL BUS
169,43,BEACH,GULL,FURIOUS,BOOBY
170,43,BANANA,BEASTIE,SUNFLOWER,LIVID
171,43,HARDY,PELICAN,INCENSED,PUFFIN
172,44,SOLID,PASTE,SLATE,TRASH
173,44,TESLA,CUT,PLASMA,CRUSH
174,44,GAS,SHELLAC,STALE,UNDO
175,44,COPY,LIQUID,ROUT,LEAST
176,45,PLANE,SUN,DAY,THUNDER
177,45,SONIC,BOAT,STRIPES,CHECKERS
178,45,CAR,SUBWAY,FLOYD,TRAIN
179,45,OUTBACK,KING,SABBATH,MAGIC
180,46,HURRICANE,CYCLONE,CHICAGO,W
181,46,MANHATTAN,GLAMOUR,TORNADO,PHILADELPHIA
182,46,COSMOPOLITAN,SQUALL,ALLURE,SCREWDRIVER
183,46,RIO,BLIZZARD,MUNICH,ELLE
184,47,TREE,GECKO,FOREST,GO
185,47,MONITOR,DESERT,LOTUS,CAN
186,47,IGUANA,CHA,TUNDRA,COBRA
187,47,GRASSLAND,WARRIOR,NAE,CHAMELEON
188,48,RIB,SPECTER,TWEED,SCAR
189,48,SPIRIT,BEAST,NEEDLE,LINEN
190,48,STITCH,POKE,DENIM,GENIE
191,48,CORDUROY,GHOST,TEASE,PHANTOM
192,49,DAISY,AUNT,ALARM,QUIRKY
193,49,SCROOGE,GRANDFATHER,KOOKY,BIOLOGICAL
194,49,NEPHEW,DAFFY,CUCKOO,MOTHER
195,49,DEWEY,WACKY,COUSIN,DONALD
196,50,OIL,FOOT,SAMOSA,DIM
197,50,QUART,KATSU,MILE,WATERCOLOR
198,50,PEN,INCH,ACRYLIC,FALAFEL
199,50,YARD,NICK,SCHNITZEL,TEMPERA
200,51,MATCH,HERO,BLADE,DRIVER
201,51,GRINDER,SCOTT,HINGE,TWILIGHT
202,51,WEST,TINDER,ANT,SUB
203,51,BUMBLE,LOST BOYS,HOAGIE,NEAR DARK
204,52,RAT,HORN,SPEAKER,TRIANGLE
205,52,CARP,HARP,ORGAN,VOLE
206,52,GROUSE,HAMSTER,MOUSE,MONITOR
207,52,KEYBOARD,MOAN,GERBIL,GRIPE
208,53,HIGH,PRIDE,CLASS,GOV
209,53,ORDER,CHEM,LIT,FAMILY
210,53,SWARM,DOMAIN,BIO,COLONY
211,53,BAKED,STATS,HERD,BLAZED
212,54,TOM,ROCKY,TEMPLE,HARRY
213,54,HIGH,ALTAR,SYLVESTER,GROVER
214,54,SILK,CALVIN,ABBEY,GARFIELD
215,54,CHESTER,RELIQUARY,FELIX,SHRINE
216,55,VIOLA,TOP,GIGGLE,MEMORY
217,55,EGGNOG,BLOCKS,SELFIE,PUCK
218,55,DOLL,HOCKEY,DUNCAN,LEGGINGS
219,55,JULIET,BAGGAGE,YO-YO,FISH
220,56,PINCH,SALSA,SAVAGE,BREAKOUT
221,56,CENT,SWIPE,SWING,TAP
222,56,ASTEROIDS,PAC,PONG,HUSTLE
223,56,TANGO,SPREAD,CHAINZ,FROGGER
224,57,KISS,ROMANCE,STRIPES,FICTION
225,57,PAISLEY,HORROR,DOT,LIE
226,57,MUSICAL,WHOPPER,PLAID,FIB
227,57,GOOBER,TALE,WESTERN,HOUNDSTOOTH
228,58,BLADE,CATFISH,TICK,CHAR
229,58,STATE,EEL,STORM,FLASH
230,58,BLACK WIDOW,JACKASS,PERCH,SCORPION
231,58,MITE,SHARK,SPIDER,CRIBS
232,59,MOON,GLOBE,SOME,LYME
233,59,FEW,PAIR,POST,COMET
234,59,PLUMB,HANDFUL,SUN,PLANET
235,59,JOURNAL,MELLON,ASTEROID,SEVERAL
236,60,DIAMOND,PENDANT,CHARM,SAW
237,60,PLEASE,COURT,SCREAM,TICKLE
238,60,BANGLE,RING,FIELD,DELIGHT
239,60,PURGE,ANKLET,RINK,BROOCH
240,61,BARBIE,OPPENHEIMER,MATCH,GENIUS
241,61,WEST,BUSH,SELLING,HAWKING
242,61,FACULTY,EINSTEIN,MATE,MOOT
243,61,CRIKEY,GIFT,FEYNMAN,FLAIR
244,62,MA,LA,,NU
245,62,PI,NI,TI,HE
246,62,FA,XI,PA,FE
247,62,DO,CO,MU,ME
248,63,JACK,PRESS,PLANET,BUTTON
249,63,PLANK,SQUAT,SNAP,OBVIOUS
250,63,CRUNCH,BUCKLE,NOTHING,CURL
251,63,ZIP,KANGAROO,LUNGE,NADA
252,64,CATCH,SPOT,BONE,LUCKY
253,64,SEE,SHIRT,FLY,STORM
254,64,CHUM,NOTICE,REX,BAIT
255,64,FIDO,SINKER,OBSERVE,ROVER
256,65,JUICE,WATER,TREE,EARTH
257,65,GAS,CIRCUS,STEAM,LIQUID
258,65,SATURN,FIRE,SOLID,SPIRIT
259,65,PLASMA,VIGOR,AIR,WEDDING
260,66,ROSE,CLOSE,BACON,YEAR
261,66,PANCAKE,MONTH,MUNCH,EGG
262,66,DECADE,CEREAL,CENTURY,OMELET
263,66,WHISTLER,MILLENNIUM,JUROR,WAFFLE
264,67,FUDGE,MEAL,COBBLER,SMITH
265,67,PIE,DOCTOR,ROOT,TWIST
266,67,DANCE,ONE,FISHER,TART
267,67,MASON,CAKE,DISTORT,MILLER
268,68,PINT,REAL,CARROT,AWFUL
269,68,SPONGE,CUP,WON,SUPER
270,68,GALLON,COFFEE,VERY,POUND
271,68,RAND,QUITE,QUART,STERLING
272,69,BUD,PUMP,CROCK,HERB
273,69,POT,MATE,WEDGE,GRASS
274,69,WOK,MARY JANE,CHUM,SLIDE
275,69,CLOG,PAL,SKILLET,WEED
276,70,MINUTE,DIG,MEAL,COOLER
277,70,HOUR,TENT,SLIGHT,MEDIUM
278,70,SMALL,BARB,CAMPER,LANTERN
279,70,JAB,SLEEPING BAG,DISS,WEE
280,71,CRUSH,UTAH,RUSH,HAWK
281,71,MONTANA,MUG,ARIZONA,GENESIS
282,71,SQUIRT,STARK,YES,COLORADO
283,71,KANSAS,SPRITE,NEVADA,SOPRANO
284,72,HEART,COMET,TASTE,SINGER
285,72,SANTA,CUPID,CARD,DANCER
286,72,ROSE,BOYS,STAND-UP,VIXEN
287,72,LIEUTENANT,ACTOR,DASHER,CHOCOLATE
288,73,SHADOW,GEAR,DOG,BEARD
289,73,HANDLEBAR,TRACK,GOATEE,VOTE
290,73,TAIL,MOVIE,WHEEL,DOUBT
291,73,MUSTACHE,PEDAL,FOLLOW,STUBBLE
292,74,MASTODON,X,SMACK,THREADS
293,74,BUSTS,PECK,DODO,DUDS
294,74,SMOOCH,MAMMOTH,OUTFIT,FLOPS
295,74,MISSES,GETUP,TURKEYS,TRILOBITE
296,75,MIXER,WHALE,ISLAND,BASH
297,75,BUNNY,PARTY,RANGE,PUPPET
298,75,BLOWOUT,EGG,CRICKET,COUNTER
299,75,SINK,WOODCARVER,SUNDAY,SHINDIG
300,76,PARIS,STYLE,FOXY,TROUBLE
301,76,KILLER,RISK,NATIONAL,GUCCI
302,76,BUSINESS,ATLAS,SORRY,NIKE
303,76,HERMES,TABOO,OPINION,NOTORIOUS
304,77,TOM,INFANT,DRIVER,WING
305,77,PUB,EAGLE,TENDER,SNARE
306,77,CYMBAL,SWIMMING,STROKE,TICKER
307,77,BREAST,KICK,HOLE,DRUMSTICK
308,78,TOP TEN,WAVE,RACKET,GUEST
309,78,SHAKE,CLOUD NINE,BUCKET,BLISS
310,78,HUSTLE,WISH,HIGH FIVE,CON
311,78,HEAVEN,HUG,PARADISE,FAST ONE
312,79,JET,FOX,BOOK,ONYX
313,79,LYNX,ASH,BLACK,BOUNCE
314,79,CYBER,ORYX,RUN,RAVEN
315,79,EBONY,SPLIT,FAT,IBEX
316,80,SWING,TIMES,EYE,IMPACT
317,80,WEIGHT,PAPYRUS,SLIDE,PULL
318,80,SCARAB,SEESAW,SWAY,CROOK
319,80,CLOUT,COURIER,ANKH,SANDBOX
320,81,CHIP,APPLE,FRY,RIGHT
321,81,CRACKER,WING,DING,FLAP
322,81,BINGO,SCRATCH,NACHO,YES
323,81,NICK,LUMBER,CORRECT,POPPER
324,82,FLUTE,COFFEE,POUND,OBOE
325,82,STEIN,FRICASSEE,BISHOP,TUMBLER
326,82,BASSOON,FROST,GOBLET,CLARINET
327,82,OLDS,SNIFTER,SAXOPHONE,BALLOON
328,83,BUN,SNAP,CLIP,BARE
329,83,BUFF,MUFFIN,POLISH,SACK
330,83,DANISH,NUDE,FUMBLE,TURNOVER
331,83,NAKED,PUNT,FILE,UNCLAD
332,84,I,L,U,V
333,84,YOU,WE,D,DOE
334,84,M,EWE,HEN,IT
335,84,COW,THEY,YEW,MARE
336,85,PARK,FOLDING,GEAR,BRUSH
337,85,HIGH,COMB,NEUTRAL,LAWN
338,85,CANVAS,DRIVE,SAW,FIRST
339,85,ZIPPER,EASEL,REVERSE,PALETTE
340,86,TURKEY,MAP,EXTRA,SATISFACTION
341,86,ICING,PIE,CHART,GRAVY
342,86,ISTANBUL,GRAPH,I RAN,BONUS
343,86,DIAGRAM,MONTERO,PERK,STUFFING
344,87,LEAF,HORSE,GNOME,MOLE
345,87,DRAGON,STALK,SPY,TROLL
346,87,PLANT,GOBLIN,RABBIT,PETAL
347,87,OGRE,AGENT,BUD,TIGER
348,88,FURY,HORROR,HARRY,ROGER
349,88,MET,MAX,WHO,MAD
350,88,PICTURE,FRAMED,ROAD,SHOW
351,88,RABBIT,WHEN,ROCKY,SALLY
352,89,SOUL,SCOTCH,STOUT,BRAVE
353,89,RED,HEART,UP,SPIRIT
354,89,TICKER,SAKE,DEMO,PORT
355,89,CARS,ESSENCE,CIDER,COCO
356,90,SMELT,OUT,WALK,OVEN
357,90,YOLK,CARP,FORGE,BALL
358,90,CATFISH,SAFE,SALMON,KILN
359,90,COLONEL,FURNACE,STRIKE,FLOUNDER
360,91,JAGUAR,COMPANY,BOTTOM,LEGS
361,91,FOOT,LION,TOUCAN,HAIR
362,91,CUCUMBER,FOUNDATION,GREASE,ANACONDA
363,91,RENT,CAPYBARA,BASE,CHANGE
364,92,BELL,24,BAT,7
365,92,2001,TOMBSTONE,BONES,22
366,92,FIREFLY,"20,000",CHERRY,PUMPKIN
367,92,451,COBWEB,WEEDS,BAR
368,93,BARK,DIRT,TEA,ROOT
369,93,BUZZ,COFFEE,DISH,SKINNY
370,93,TRUNK,MEOW,COCOA,SCOOP
371,93,OINK,CHAI,CLUCK,BRANCH
372,94,NOPE,BEANIE,US,OPEN
373,94,FUR,GET OUT,YOU,SANTA
374,94,PEON,THEM,GO,PONE
375,94,LEAVE,NEPO,ME,SCRAM
376,95,IRIS,OUT,FAKE,MICHELLE
377,95,COPY,STAN,ROGER,BOGUS
378,95,LENS,OVER,LOLA,PUPIL
379,95,SHAM,ALEJANDRO,RETINA,PHONY
380,96,FLOOR,SHINE,CUTIE,COW
381,96,GLOW,SEEDY,HORSE,BEAM
382,96,EXCEL,GOAT,VAULT,ENVY
383,96,BUFFALO,RINGS,SHEEP,RADIATE
384,97,WOODSTOCK,GAMBIT,NEW YORK,GIANT
385,97,QUEEN,ROCK 'N ROLL,WOLF,CHARLIE
386,97,YOU,PEPPERMINT PATTY,MATE,PRINCESS
387,97,PIGPEN,WITCH,LUCY,BISHOP
388,98,SWANK,FIG,FRESH,GRAND
389,98,LIME,STONE,ENVIOUS,FOSTER
390,98,DELUXE,NAIVE,LAVISH,APRICOT
391,98,GRAPE,OPULENT,BERRY,UNWELL
392,99,SMART,COWBOY,MARS,LASSO
393,99,FRONTIER,SHARP,SHERIFF,ALASKA
394,99,QUICK,SPIRIT,BRIGHT,OUTLAW
395,99,DRIFTER,CLEVER,ROGERS,SOUTHWEST
396,100,LINK,LAUNDRY,BUTTON,WINDOW
397,100,COLLAR,TAB,MARTINI,BOND
398,100,RELATION,JOKE,TIE,HISTORY
399,100,CUFF,BOOKMARK,POCKET,DOZEN
400,101,EXTRA,BALL,WON,MUG
401,101,PIN,COPY,TOO,TEE
402,101,ATE,ALLEY,PEN,BACKUP
403,101,SPARE,TOTE,FOR,LANE
404,102,CHEF,DOG,ANIMAL,CAR
405,102,MITT,BUS,HOST,SCOOTER
406,102,TRUCK,DIGIT,BEAKER,PIGGY
407,102,BARTENDER,GONZO,MOTORCYCLE,SERVER
408,103,FLOAT,STAR,FIRM,HOVER
409,103,SPLIT,CONCRETE,SUNDAE,GLASS
410,103,KEY,SOLID,DASH,SHAKE
411,103,OLD,MALT,SIGNS,TANGIBLE
412,104,FALL,STRONG,SWIFT,DROP
413,104,KEYS,SPRING,SOUND,SINK
414,104,FIT,DIP,SUMMER,TAP
415,104,FOUNTAIN,NICKS,HEALTHY,WELL
416,105,CLEAVER,FISH,PRINCESS,LADLE
417,105,DINOSAUR,PARTRIDGE,BIRD,MUSHROOM
418,105,REPTILE,PLUMBER,WHISK,TANNER
419,105,GRATER,BUNKER,PEELER,MAMMAL
420,106,TRAIN,COAT,GRAM,MA
421,106,BLACK,BOOK,CAKE,RING
422,106,FROST,BOUQUET,TUBE,CRUST
423,106,VEIL,COVER,IN,SPARROW
424,107,GARTER,BRIEF,MONTY,PYTHON
425,107,DIGEST,MOON,SLIP,ABSTRACT
426,107,THONG,BOA,RUNDOWN,CIRCLE
427,107,MAMBA,TEDDY,HOUSE,VIPER
428,108,GUM,CONE,FOOL,POTATO
429,108,POLLEN,MARK,FACE,CHUMP
430,108,SUCKER,CHOCOLATE,NEEDLE,ACORN
431,108,LICORICE,SAP,LOLLIPOP,HURRICANE
432,109,FLASH,DRILL,FISH,BULB
433,109,BEER,TRAP,SPARKLE,GRIME
434,109,GLITTER,YEAR,HUNT,GLEAM
435,109,FORAGE,CRUNK,RAIL,BOUNCE
436,110,METAL,KEY,ROCK,TEMPO
437,110,HENRY,TIRED,PAPER,CENTRAL
438,110,ASSIGNMENT,VITAL,JENNIFER,DEFEAT
439,110,GLASS,KATE,PLASTIC,CRITICAL
440,111,SHY,HEART,ACHE,WOOD
441,111,LONG,IRON,CLUB,PINE
442,111,DIAMOND,SHORT,THIRST,WEDGE
443,111,WANTING,SPADE,PUTTER,LOW
444,112,STRAW,BALLPARK,BAT,STICK
445,112,GO,OWL,BRICK,CUP
446,112,CARDINAL,LID,ACTION,BEET
447,112,WOLF,POPPY,MOTH,STIRRER
448,113,DOG,BOW,CLOCK,SHELL
449,113,STAND,DOWN,ARROW,NOTES
450,113,MAIL,SALUTE,SCALES,FINGER
451,113,HINT,MAPS,KNEEL,FUR
452,114,SPEECH,PUMA,AFGHAN,WATER
453,114,LEAD,YAK,JORDAN,JABBER
454,114,ANGORA,BLATHER,CONVERSE,ALPACA
455,114,CHAT,VANS,TRIAL,GAB
456,115,SHOW,DONUT,STOCKING,TIGER
457,115,LIFESAVER,PRESENT,CANDY CANE,SNOWMAN
458,115,REINDEER,CHEERIO,EXHIBIT,REFEREE
459,115,BAGEL,DISPLAY,CROSSWALK,MISTLETOE
460,116,WING,STONE,FLEE,ANGEL
461,116,PECK,BEATLE,RED,AUNT
462,116,CHAPTER,CUB,BRANCH,TON
463,116,BUSHEL,ARM,NAT,MET
464,117,GAGA,HAHA,DECO,HOOK
465,117,DADA,NANA,POP,LUCK
466,117,DEAD,GOTHIC,MACBETH,LOL
467,117,PETER,BIRD,ROFL,WENDY
468,118,ROSE,AARON,HANNAH,MAY
469,118,KAREN,DALE,WILL,NATAN
470,118,DREW,EVE,SHARON,CLIFF
471,118,BROOK,DARREN,SAVANNA,OTTO
472,119,BATH,ROCK,BARS,BIRTHDAY
473,119,SOAP,RECEPTION,WEDDING,SANDWICH
474,119,ANNIVERSARY,COMIC,DERBY,SHOWER
475,119,READING,SERVICE,MET,SIGNAL
476,120,KETTLE,CORN,NUMBER,NOODLE
477,120,TRAIN,CROWN,PEPPER,BIRD
478,120,SINGLE,TOMATO,REFEREE,TRACK
479,120,DOME,CUT,CUCUMBER,MELON
480,121,NAP,JOB,SOURCE,PLANT
481,121,ACTS,WILD,MARK,STARS
482,121,GERM,RANGER,GENESIS,KRAKEN
483,121,TRIP,FLAMES,KINGS,SEED
484,122,CAN,BUTCHER,ACTION,LEAD
485,122,PRIME,CUT,WAX,MAY
486,122,TOILET,TOP,MIGHT,CAMERA
487,122,HEAD,LIGHTS,SCRAP,COULD
488,123,NOSE,CROWN,SWORD,MASK
489,123,DIAL,FAUCET,TIARA,HAND
490,123,BLOCK,MASCARA,HIDE,LASSO
491,123,CANDIDATE,SHIELD,STRAP,COVER
492,124,LINE,LIMA,CREATOR,LIMERICK
493,124,LINCOLN,RAPPER,PINTO,VERSE
494,124,STALLION,RHYME,LAGOS,KIDNEY
495,124,LUXOR,DUDE,FAVA,METER
496,125,CRADLE,TAIL,PAD,SWAG
497,125,SEAT,CRIB,BOOTY,CORD
498,125,SPOILS,DIAL,DIGS,BUNS
499,125,JOINT,BOTTOM,HANDSET,LOOT
500,126,FILE,BABE,WRENCH,COPY
501,126,WILLY,YANK,SAVE,HAMMER
502,126,TUG,LEVEL,BEETHOVEN,PRINT
503,126,CHARLOTTE,FIND,JERK,SAW
504,127,TURN,SUNDAY,CAT,THING
505,127,SATURDAY,SOUR,FRIDAY,SPOIL
506,127,CHANCE,THURSDAY,LURCH,LIP
507,127,WEDNESDAY,ROT,TUESDAY,FESTER
508,128,GHOST,LEMON,GARDEN,DESERT
509,128,STAR,RASPBERRY,CANDY,BOMB
510,128,FLOP,HISS,IGNORE,BOO
511,128,BOTTOM,DUD,JEER,JILT
512,129,PUFF,KICK,BOXER,YAWN
513,129,BITE,PANT,DRAG,ZIP
514,129,SNOOZE,DRAFT,GOGGLE,BORE
515,129,BREEZE,TONG,TANG,GUST
516,130,FAKE,FOOD,FUDGE,FIREFLY
517,130,FASHION,FORWARD,FORGE,FRIENDS
518,130,FIE,FLEABAG,FRICK,FLIPPER
519,130,FABRICATE,FIDDLESTICKS,FARGO,FIX
520,131,IMPOSSIBLE,EVEN,CLOUD,HIVE
521,131,GOOD,WEB,JUST,DEN
522,131,FAIR,LAIR,NOTHING,NET
523,131,NEST,EQUAL,METAVERSE,WARREN
524,132,HOOK,SPAM,PLATE,WIRE
525,132,RADAR,CUP,BALONEY,DISH
526,132,CROCK,SAUCER,LASER,BUNK
527,132,BOWL,STRAP,TRIPE,SCUBA
528,133,JAM,LOUNGE,SCONE,PICKLE
529,133,LOAF,TRIFLE,BANGER,HANG
530,133,MASH,SCRAPE,CHILL,GROOVE
531,133,BIND,BOP,ROAST,SPOT
532,134,CANDY,SPUR,RING,FEELINGS
533,134,FOCUS,MOTIVATE,SPARK,COPY
534,134,DRIVE,VIBE,VIBRATE,SELTZER
535,134,CONNECTION,SILENT,KNOCKS,INSPIRE
536,135,SCHOOL,MODEL,DOWNTOWN,PRIDE
537,135,TEXTBOOK,RAGTAG,CRANNY,CLASSIC
538,135,NOOK,COLONY,BIGWIG,RECESS
539,135,BACKPACK,DEFINITIVE,NICHE,HERD
540,136,LADY,PERFECT,GOODNESS,MAPLE
541,136,FUTURE,MERCY,DRUMMER,SIMPLE
542,136,RING,COUGH,HEAVENS,SWAN
543,136,PRESENT,LORD,CORN,PAST
544,137,ACES,GLOBE,HEAD,GROW
545,137,BUBBLE,SWELL,NEATO,LATHER
546,137,NIFTY,MARBLE,FOAM,MOUNT
547,137,FROTH,BUILD,PEARL,KEEN
548,138,ELEPHANTS,CHEEK,LIBERTY,GOLD
549,138,BRASS,CARS,MERCURY,NERVE
550,138,SILVER,SKY,TREES,COPPER
551,138,SPARKS,SWIMMERS,NICKEL,GALL
552,139,NEW,LOOK,SAME,TASTE
553,139,SECOND,SAILOR,TOUCH,STYLE
554,139,SIGHT,DITTO,DRESS,HARVEST
555,139,MANNER,SMELL,BLUE,LIKEWISE
556,140,NECK,CLUTCH,STEW,FACE
557,140,HASH,FRET,HATCH,BRIDGE
558,140,CHALLENGE,JUMBLE,BODY,BROOD
559,140,OPPOSE,LITTER,MEDLEY,CONFRONT
560,141,TALON,HEARTBEAT,HOT,FLASH
561,141,BELLY,WING,DRAGON,SNOOZE
562,141,SECOND,SEASON,WINK,FEATHER
563,141,BAMBOO,BEAK,PANIC,WIND
564,142,FARMER,DAISY,CARPENTER,YELLOW
565,142,TULIP,SPORTS,TRACTOR,ROSE
566,142,CRAVEN,LIFE,VIOLET,WAN
567,142,BARN,ASTER,DUST,CHICKEN
568,143,WELL,LIKE,UM,HOUSE
569,143,HEM,ER,DARN,FOLLOW
570,143,SEAM,SHARE,ERM,SCRUBS
571,143,SUBSCRIBE,RATCHED,UH,SEW
572,144,NEWS,COMPUTER,LIGHT,VALLEY
573,144,APPLE,KINDLE,PLANET,INTEL
574,144,TORCH,DELL,DATA,GLEN
575,144,INFO,BURN,HOLLOW,REACTOR
576,145,ARE,WE,THERE,YET
577,145,YOU,SEE,JELLY,TUT
578,145,STILL,FAMILY,KNOCK,HOWEVER
579,145,HEAR,WHY,THOUGH,FLUSH
580,146,TRAIN,STRAW,TICKET,ROPE
581,146,STUDY,BIKE,TUBE,SPORTS
582,146,KNIFE,CIGARETTE,PIPE,DRILL
583,146,WRENCH,HOSE,PRACTICE,CANDLESTICK
584,147,BICYCLE,SPIN,STABLE,PIN
585,147,EVEN,LANCE,TRILOGY,PITCHFORK
586,147,UNIFORM,ROLLING STONE,SKEWER,LEVEL
587,147,BILLBOARD,STEADY,QUADRANT,SPIT
588,148,ICE,WAX,SOUP,STOCK
589,148,HERRING,PLATTER,CD,VINYL
590,148,BOND,BOUILLON,LP,SUGAR
591,148,WISH,OPTION,DIE,FUNNY
592,149,BING,CAMP,PING,RAT
593,149,WORD,SING,DIVISION,CHIME
594,149,WING,EDGE,DING,SNITCH
595,149,SURFACE,RING,SQUEAL,FACTION
596,150,WAFFLE,TOWEL,YO-YO,MARY
597,150,HEDGE,WEDGE,UMBRELLA,MULE
598,150,FLIP-FLOP,BREEZE,WAVER,CURLY
599,150,RUSSIAN,SHOESTRING,SUNSCREEN,SEE-SAW
600,151,COMPOSE,DIVINE,EXERCISE,SEND
601,151,FRESH AIR,FORWARD,SERIAL,SKETCH
602,151,WTF,PROP,UP FIRST,DIET
603,151,BLACK,RADIOLAB,SLEEP,REPLY ALL
604,152,DILL,SPEAR,SECRET,CLUB
605,152,QUICK,DEGREE,SAGE,AXE
606,152,MACE,BRIGHT,NUTMEG,SHARP
607,152,SWORD,ANISE,SMART,OLD SPICE
608,153,KICK,BALL,BOOM,ROOM
609,153,SHORT,CLUE,SPARE,BLAST
610,153,DOLLY,GRIP,LIFE,LIGHT
611,153,RIOT,TRIPOD,THIN,LENS
612,154,FORD,AUTO,SCOUT,POST
613,154,BMW,GRANT,SUB,SUBARU
614,154,COACH,JAGUAR,SEMI,GM
615,154,HONDA,WILSON,PLAYER,LINCOLN
616,155,STAMP,WORD,CLOWN,TEA
617,155,BOOK,CARD,LETTER,FEATURE
618,155,SENTENCE,HALLMARK,TREE,JOKER
619,155,TRAIT,TABLE,CUTUP,PARAGRAPH
620,156,WIN,FIRE,HAPPINESS,PRESTO
621,156,VOILA,ADAM,LAND,FEAR
622,156,GET,ANGER,BEHOLD,RED
623,156,SURPRISE,CARPENTER,SECURE,TADA
624,157,EW,OK,WE,O
625,157,US,PU,SI,WII
626,157,DA,WEE,UGH,JA
627,157,ICK,HAI,W,OUI
628,158,WHITE,FISH,LEAD,BULL
629,158,MOOSE,LAKE,STEER,ROT
630,158,DIRECT,SEAL,NONSENSE,DEER
631,158,HOGWASH,GUIDE,BUFFALO,DANE
632,159,DIPS,MOSS,CARDS,CHEERS
633,159,THANKS,YANKS,BANKS,PLANKS
634,159,JAYS,LUNGES,REGARDS,TAYLOR
635,159,SQUATS,NATS,WARREN,BEST
636,160,RIDGE,GANDER,FRONT,PEEK
637,160,LOOK,CHARADE,PEAK,CLIFF
638,160,BLUFF,PIQUE,CRAG,GLANCE
639,160,PEKE,LEDGE,GLIMPSE,ACT
640,161,DAWN,MAY,GRAND,STEP
641,161,AUGUST,LABOR,TREAD,BIRTH
642,161,EARTH,MARCH,CREATION,GROUNDHOG
643,161,NOBLE,START,STRIDE,REGAL
644,162,GORILLA,MIRROR,MINT,CARDINAL
645,162,PARROT,PASTOR,GIBBON,TOMATO
646,162,LAMA,MANGO,APE,BABOON
647,162,TAMARIND,BONOBO,MONK,MIME
648,163,FLOSS,STRAW,HIP,TUSK
649,163,VAMPIRE,HOT,FANG,VOGUE
650,163,CANINE,ROBOT,VACUUM,CHIC
651,163,WORM,MOLAR,IN,LEECH
652,164,SCARF,PASS,MIRROR,CLARK
653,164,RAVINE,APPLE,COWL,WOLF
654,164,CRAVEN,CANYON,GORGE,BASHFUL
655,164,GULP,CHEN,QUEEN,GULCH
656,165,CURRY,BOUQUET,TURKEY,TURNOVER
657,165,PIE,BIRD,POLAND,PARFAIT
658,165,RAPPORT,JORDAN,TART,TUNISIA
659,165,JAMES,JAPAN,RAGOUT,PASTY
660,166,MINI,MOUSE,ALONE,KNOCK
661,166,RAM,LILY,SLAM,BACHELOR
662,166,PAN,CHOPPED,JAGUAR,CATFISH
663,166,MAXI,SURVIVOR,ROAST,FIAT
664,167,CHANNEL,96,NUMBER,REMOTE
665,167,SIS,VOLUME,HIDDEN,SOUND
666,167,NOON,SECRET,STRAIT,AMOUNT
667,167,PRIVATE,QUANTITY,MOW,CANAL
668,168,CAPITAL,PULSE,JUSTICE,CITY
669,168,IVY,TOWN,GRIND,EQUITY
670,168,VILLAGE,INTEREST,LITTLE,CHOP
671,168,PREMIER,COUNTY,PUREE,STOCK
672,169,HUM,SODA,GROSS,STICK
673,169,MINT,GUM,SING,COUNT
674,169,TAPE,LIME,SUM,WHISTLE
675,169,SCAT,TOTAL,GLUE,RUM
676,170,BAG,KEY,STUDY,STUFF
677,170,KITCHEN,COUNTER,PACK,ISLAND
678,170,DIP,JAM,DEN,SPROUT
679,170,BAR,BEDROOM,CRAM,ATOLL
680,171,DOG,HORN,SOLE,DOWN
681,171,BASS,BALL,COME,SNAKE
682,171,TOE,HARP,HEEL,SIT
683,171,ORGAN,STAY,ARCH,JERK
684,172,COTTAGE,ESCAPE,REBECCA,ROBIN
685,172,DUCK,CREAM,GOOSE,SKIRT
686,172,STRING,BIRDS,SAY,ROPE
687,172,HOBBES,DODGE,NOTORIOUS,WATSON
688,173,WAX,PIECE,CRESCENT,STORE
689,173,MONKEY,OUTLET,THREAD,SOCKET
690,173,SHARE,SHAVE,MARKET,CUT
691,173,MALL,TAKE,TWEEZE,ALLEN
692,174,NBA,CAP,HOOP,HAMPER
693,174,RING,PAPER,BASKET,CURB
694,174,CHEST,PEARL,CHECK,BAND
695,174,TRAFFIC,BIN,CIRCLE,LIMIT
696,175,LINK,SONIC,FIRE,WATER
697,175,ACOUSTIC,GAS,PUMP,COUPLE
698,175,HITCH,HEARD,ELECTRIC,AMP
699,175,CABLE,TIE,HYPE,AUDITORY
700,176,LOCK,STEAM,CHIP,BUN
701,176,HAIR,LOAF,SECURE,MARK
702,176,ROLL,LETTUCE,SCRATCH,CLINCH
703,176,NICK,BAGUETTE,GUARANTEE,STATE
704,177,CONSTRUCTION,PAPER,GREAT,GLEE
705,177,BIG,FELICITY,POETRY,GIANT
706,177,HUMOR,WHOOPING,CHEERS,FICTION
707,177,TRAVEL,EUPHORIA,HUGE,FRASIER
708,178,TAU,ISLAND,NOTE,GEM
709,178,STAFF,SCALES,BULL,CAN
710,178,CAPITOL,CRAB,REST,VIRGIN
711,178,LIB,COLUMBIA,TWINS,CLEF
712,179,ALFA,BET,POM,MA
713,179,USA,YO,LA,TANGO
714,179,BRAVO,OK,BOO,E
715,179,HI,TOM,HALLMARK,ROMEO
716,180,STATE,FLAG,PURE,AIR
717,180,PRINCE,BANNER,UTTER,FADE
718,180,SPEAK,SHEER,STARK,TOTAL
719,180,EBB,VOICE,WANE,WAYNE
720,181,NAIL,SHAKE,RICE,PEANUT
721,181,NOTE,FLOAT,PALM,SCREW
722,181,FINGERS,OLIVE,BOLT,SPLIT
723,181,CORN,RIVET,WICKET,SUNDAE
724,182,PAGES,STICKS,BANK,STONES
725,182,COAL,BONE,NERVE,SAVE
726,182,GUTS,CARROT,STORE,BUSINESS
727,182,SNOW,STASH,GIRL,GALL
728,183,SHARK,MOTTO,CRAB,SEAL
729,183,DUCK,QUACK,FLAG,CRANK
730,183,CROOK,STOOP,GRUMP,ANTHEM
731,183,CROUCH,GROUCH,CHEAT,SQUAT
732,184,SPOON,BUG,SCREEN,FORK
733,184,BOWL,PART,HOUND,FOX
734,184,FIELD,BADGER,SPLIT,DOME
735,184,NAG,LINING,ARENA,DIVIDE
736,185,TOUGH,STOP,ROUGH,BLUE
737,185,GREEN,DOUGH,COARSE,ENOUGH
738,185,COUGH,UNCLE,BOUGH,BAWDY
739,185,BUNKER,RISQUE,MERCY,FAIRWAY
740,186,PLOT,PLOP,PLOW,PLOY
741,186,TICKLE,SICKLE,TRICK,BANG
742,186,RUSE,AMUSE,SPLASH,RAKE
743,186,PLEASE,THUD,HOE,DELIGHT
744,187,SILK,BLOW,LACE,LAND
745,187,SOLE,BABY,VELVET,TONGUE
746,187,PERCH,PACKAGE,SETTLE,SPEECH
747,187,SATIN,EYELET,ROOST,CHIFFON
748,188,BALL,TAIL,CLOUD,FIN
749,188,SHADOW,ICE,FLIPPER,FOG
750,188,BUMPER,TRACK,HAZE,IRE
751,188,GREEN,PLUNGER,TRAIL,MIST
752,189,SPRING,BREEZE,SPIRAL,BANK
753,189,WIND,VAULT,MOUTH,SNAP
754,189,LEAP,BED,TWIST,CINCH
755,189,PICNIC,COIL,BOUND,DELTA
756,190,FIRST,AMATEUR,BROADWAY,JIFFY
757,190,HAPPY,SECOND,RUSH,PARK
758,190,CHIEF,FIFTH,FLASH,PRINCIPAL
759,190,MADISON,WINK,MAIN,ELEVENTH
760,191,DRAW,SKETCH,WATCH,CHARM
761,191,TIE,FREIGHT,ROUTINE,BRACELET
762,191,OFTEN,CANINE,BELT,BIT
763,191,PULL,STONE,JOKE,APPEAL
764,192,DINKY,ITCHY,INDEX,BUZZ
765,192,PINKY,RING,SLIGHT,MINUTE
766,192,SPEEDY,LITTLE,APPENDIX,CALL
767,192,CHAPTER,DIAL,JERRY,PREFACE
768,193,LEAD,HIDDEN,HAMPER,MYSELF
769,193,ONE,IRON,DIRECT,SILICON
770,193,IODINE,UNCANNY,GUIDE,DRYER
771,193,STEER,WASHER,IOTA,DEATH
772,194,ANGEL,HAIR,SPELL,COMB
773,194,WAIL,WITCH,WHILE,WAX
774,194,DEAR,HONEY,CLOWN,PERIOD
775,194,PIRATE,HOARSE,STRETCH,HIVE
776,195,CAR,GAME,BLUE,DASH
777,195,STRAW,SPLASH,IN,BOAT
778,195,DROP,DOWN,GOOSE,ON BOARD
779,195,PINCH,TRAIN,RASP,PLANE
780,196,CROWN,SOFT,DICE,SHOULDER
781,196,CHOP,CANDLE,ROBE,LIGHT
782,196,EYELASH,TORCH,MELLOW,BELLY
783,196,MILD,HOCK,DANDELION,TABLET
784,197,SANTA,BABY,ZIP,LINE
785,197,LOVE,SAUCE,POINT,ENERGY
786,197,BOO,RAY,JUICE,DEAR
787,197,FIRE,CODE,SEGMENT,AGENT
788,198,LEAF,THUMB,DRIVE,PAGE
789,198,STEM,PICK,BLOW,CHECK
790,198,STREET,CURB,SHEET,ALLEY
791,198,LIMIT,LANE,HOLD,FOLIO
792,199,MS,PAINT,GHOST,BELL
793,199,PASTEL,SIGN,BLACK,INK
794,199,REV,WARNING,MESSAGE,GEN
795,199,DR,PROF,CHARCOAL,OMEN
796,200,SWIFT,HOLIDAY,CARDINAL,HOOD
797,200,ZIP,MONK,TRUNK,DASH
798,200,PARKER,LARK,DART,TIRE
799,200,BOLT,BUMPER,JAY,HANCOCK
800,201,SAINT,BAD,BOY,POLO
801,201,BY,FLY,TEE,JAY
802,201,FRESH,CROP,GEE,CURIOUS
803,201,BEE,RAD,EX,TANK
804,202,PANDA,BEAR,SAND,STRING
805,202,SPEED,TRAIN,DESERT,WIND
806,202,ORCA,DOVE,SKUNK,BASS
807,202,TOURIST,CHAIN,ZEBRA,SERIES
808,203,COUNTDOWN,KISS,NICE,DETAIL
809,203,BALL,CLUB,RESOLUTION,CHAMPAGNE
810,203,GROUP,TOURS,FIREWORKS,PARTY
811,203,DIJON,DEFINITION,TEAM,CLARITY
812,204,WAY,WEED,WHEEL,WEDGE
813,204,WATER,WEE,GREEN,FEUD
814,204,WHY,PYRAMID,SEED,GREEK
815,204,MILLIONAIRE,WHOA,CAESAR,PLANT
816,205,WONDER,BREAD,WALK,TALK
817,205,TOMATO,JAM,WORLD,HIT
818,205,DOUBLE,BACON,BLOCK,FRY
819,205,STOP,RUN,LETTUCE,CLOG
820,206,TICK,TIP,TAP,FLY
821,206,CHECK,40,X,PAIN
822,206,BUG,MARK,GLIDE,MIKE
823,206,FLOAT,COLE,WIRE,SOAR
824,208,MATCH,BOX,CHARM,STRIKE
825,208,BOW,DUCK,SICK,SWIPE
826,208,FIRE,CARD,BLOCK,TIGHT
827,208,BREAK,MESSAGE,LIT,WRAPPING
828,209,KID,ADULT,TOP,TEN
829,209,MAX,TEASE,DOZEN,TIMES
830,209,RIB,PAIR,PEAK,JOSH
831,209,GROSS,KISS,SCORE,HEIGHT
832,210,DISCO,WAVE,CRYSTAL,BONE
833,210,SWING,LOCK,ROCK,AFRO
834,210,FUNK,FIGHT,GUTTER,TANG
835,210,MUSK,SWAY,FOUL,ODOR
836,212,TRIANGLE,BASKETBALL,CARROT,STICK
837,212,CART,HORSESHOE,POLE,CLUB
838,212,PITCHFORK,HOLE,CIRCLE,GOLDFISH
839,212,STAFF,PUMPKIN,ROD,TEE
840,213,META,PHYSICAL,WISDOM,BEAUTY
841,213,PEACH,BABY,APPLE,EYE
842,213,SWEET,BAR,GEM,FINAL
843,213,ALPHABET,MARVEL,ORAL,AMAZON
844,214,SPONGE,SALT,SMOKE,SHAFT
845,214,DUST,MONK,BROOM,HEAT
846,214,MAGNUM,FAT,POLLEN,RAG
847,214,ACID,MOP,TRACY,PEPPER
848,215,POKER,DICE,CHARM,MELT
849,215,CHIPS,SPELL,SLICE,LOG
850,215,GRATE,CARDS,CURSE,SHRED
851,215,CRUMBLE,HEX,SLOTS,FLUE
852,216,PERFECT,PHAT,LIQUID,ELEVATOR
853,216,GREAT,GAS,LEGEND,FEVER
854,216,SOLID,SALES,PHILLY,ICON
855,216,PHEW,HERO,PLASMA,PHISH
856,217,READ,SHOCK,POINT,WHEEL
857,217,SUBJECT,BLEW,DASH,STAGE
858,217,PERIOD,MATTER,CHAPTER,ROWS
859,217,TANK,ISSUE,PHASE,CHORAL
860,218,PUNT,BADGE,TACKLE,RUN
861,218,DIRECT,PASS,END,TABLE
862,218,TICKET,STALL,CHAIR,CENTER
863,218,LEAD,SAFETY,INVITE,HOLD
864,219,BASE,RANGE,GROSS,PRETTY
865,219,BOND,RATHER,GLASS,REAL
866,219,AWFUL,MODE,STERN,MEAN
867,219,SOLUTION,KING,MEDIAN,ELEMENT
868,220,SOUP,SLATE,CREAM,PAD
869,220,SYRUP,SHIELD,POD,TICKET
870,220,BALLOT,TABLET,COAT,CUSHION
871,220,CAPSULE,GREEN,BUFFER,ROSTER
872,221,HELLO,LIST,TRICK,WORD
873,221,CANT,FOOL,SKINNY,EGGSHELL
874,221,LEAN,CON,GIGGLE,SCOOP
875,221,BOOB,SLOPE,DOPE,DUPE
876,222,JACK,CHECK,TIGHT,ROB
877,222,JEAN,BUCK,BILL,SWIPE
878,222,TOM,TAB,SHORT,PINCH
879,222,STEAL,PANT,BULL,INVOICE
880,223,PRIME,LOVE,GREEN,COVER
881,223,PEACOCK,BLUE,SUPREME,POSTURE
882,223,WHITE,PARAMOUNT,SCARLET,MAIN
883,223,CHAIN,GRANDSTAND,YELLOW,STRUT
884,224,NUTS,PEPPERS,DESERT,RATS
885,224,FUZZY,CHERRY,MAROON,SEASHELLS
886,224,FUDGE,STRAND,SHOOT,SPRINKLES
887,224,DARN,DITCH,WOODCHUCK,CURSES
888,225,TALK,TAP,TEAR,DROP
889,225,SHOWER,FLY,DIP,CARROT
890,225,SALSA,SINK,MODERN,BLAZE
891,225,SWING,BOOM,RACE,FALL
892,226,HEAD,WING,CANDLE,HOSE
893,226,CRAYON,CABIN,FLEECE,NOSE
894,226,ENGINE,BULB,SEAL,EAR
895,226,STALK,STIFF,HONEYCOMB,ROB
896,227,CROWN,APPROVED,SCHOOL,STAFF
897,227,VOID,SCEPTER,FILLING,GAP
898,227,CAVITY,LIGHT,PAID,WAND
899,227,LEAP,PLAQUE,BATON,URGENT
900,228,PRIME,TIME,AT,BAR
901,228,DEVISE,DOLLAR,FINE,POUND
902,228,TORCH,BUCK,COIN,QUALITY
903,228,CREATE,STERLING,PERCENT,INVENT
904,229,POPPY,CLOCK,ROSE,CONE
905,229,IRIS,EXPOSE,CAMERA,MUM
906,229,CALCULATOR,GRAMMY,LENS,RESUME
907,229,PATE,PUPIL,CALENDAR,DADA
908,230,HANDSOME,HIPPO,IN,CHARGE
909,230,FINE,ICON,POPULAR,LEGEND
910,230,HOT,CHARACTER,LIPID,LEVY
911,230,SYMBOL,BIG,ASSESS,GLYPH
912,231,DUST,SOCK,IRON,GLOVE
913,231,STRIKE,BOOT,HONEY,BAT
914,231,BAD,BASE,BLOW,BUGS
915,231,THIMBLE,BALL,TOP HAT,LICK
916,233,HEART,MIND,WRIST,WATCH
917,233,SMART,COURAGE,WRONG,ANSWER
918,233,GUARD,BRAIN,STING,HOME
919,233,BURN,TEND,TWO,ACHE
920,234,VERTEX,CELL,BABY,BAG
921,234,TOY,TILES,PEAK,POCKET
922,234,NUMBER,BOARD,MINI,RACKS
923,234,CREST,CONTACT,SUMMIT,DIGITS
924,235,LOVE,THING,DRAGON,PROMOTE
925,235,JACK,AD,PASSION,PAIR
926,235,PUSH,ITEM,DEUCE,PITCH
927,235,COUPLE,BREAD,PLUG,ALL
928,236,BANANA,HAMMER,REGISTER,SICKLE
929,236,FLOWER,SUN,FEATHER,MOON
930,236,POUND,HERALD,STAR,BANG
931,236,CROISSANT,SLAM,MUSHROOM,CHRONICLE
932,238,PUG,LOVER,BUILT,BRAIN
933,238,BUFF,CUT,NUT,RIPPED
934,238,PARE,PRUNE,JACKED,WALNUT
935,238,SWOLE,TRIM,FAN,CLIP
936,239,CHOIR,FLORIST,GLEE,TAR
937,239,ORCHESTRA,FIRE,BAND,SNAKE
938,239,CATERER,BARBECUE,FESTIVITY,FRYER
939,239,CHEER,LIAR,OFFICIANT,MIRTH
940,240,DRIFT,LEAVE,BUCKLE,BREAK
941,240,LOOP,HOLE,HOLIDAY,HOLI
942,240,STRAP,HOLY,SANDAL,HOLEY
943,240,HOLLY,WHOLLY,DOG,RECESS
944,241,PEN,INK,SPOT,AGENCY
945,241,STABLE,FIRM,COMPANY,COOP
946,241,OLD,STY,REX,LACK
947,241,RANGE,ROVER,ENTERPRISE,FLUFFY
948,242,COFFEE,MATE,SET,UP
949,242,DRY,VANILLA,ACT,BORING
950,242,ROUTINE,TWIST,COCOA,MUNDANE
951,242,DULL,TEA,BIT,DIRTY
952,243,BISHOP,BROTHER,QUEEN,DELI
953,243,HEART,NIECE,SOUL,PRINCE
954,243,CARDINAL,LORD,MADONNA,PRIOR
955,243,PASTOR,ROAM,SHEESH,PLEASE
956,244,PACK,RAT,DRAGON,MOUNTAIN
957,244,CAT,BUTTER,HORSE,JAM
958,244,CANARY,COW,STUFF,TRIANGLE
959,244,SQUEEZE,SNITCH,FIRE,FINK
960,245,FAMILY,SHIP,LOCK,NESS
961,245,ION,PRESS,FLEA,CURL
962,245,FLYING,MEDIA,TRESS,EXPOSURE
963,245,COVERAGE,DOM,PUBLICITY,RINGLET
964,247,LEAK,WIND,DRAG,DROP
965,247,STRING,DRIP,BEAT,TEAR
966,247,BORE,RHYTHM,BEAD,BRASS
967,247,CHARRED,GLOB,PEE,DUD
968,248,HEART,BOW,CLOCK,BRIDGE
969,248,DECK,SPIT,ANCHOR,TARGET
970,248,DRAGON,ARROW,BELT,GIN
971,248,WAR,SLUG,ROSE,QUIVER
972,249,SPONGE,BOB,SQUARE,PANTS
973,249,HOOK,FREE,THAT,CIRCLE
974,249,RAY,DIAMOND,CROSS,CRAB
975,249,TRIANGLE,SQUID,WEAVE,FEAST
976,250,PLUM,KISS,WHOLE,CLAW
977,250,SKIM,PERFECT,HUG,SOY
978,250,OYSTER,FRUIT,ODD,BRUSH
979,250,WITNESS,XO,GRAZE,PRIME
980,251,MIME,APOLLO,PARROT,FREEZE
981,251,MONKEY,FANTASTIC,ECHO,PRINCESS
982,251,SAILOR,GENIE,REFEREE,SAMURAI
983,251,DROP,CANDLES,LAG,PRISONER
984,252,PRODUCE,ORANGE,EGG,FIGURE
985,252,STEADY,MEATBALL,DAIRY,FISH
986,252,MOZZARELLA,GOAD,BANANAS,SNACK
987,252,SPUR,FROZEN,JAWBREAKER,URGE
988,253,ETHER,NET,CARD,RUN
989,253,PICTURE,SKIP,AIR,EON
990,253,STOP,BATH,CURTAIN,SHUFFLE
991,253,SCREEN,TOW,REWIND,SHOW
992,254,LIGHT,DESERT,BAKE,WATCH
993,254,OASIS,HOURGLASS,MONITOR,BLUR
994,254,BEACH,TIMER,PULP,TRACK
995,254,BROIL,SURVEY,PLAYGROUND,SUEDE
996,255,PLUTO,DORY,PURR,AUTO
997,255,NEMO,DEMO,BUZZ,BARGE
998,255,BUREAU,AMERICA,SCOW,HOOK
999,255,DRONE,SLOOP,MORGAN,HUM
1000,256,HONEY,WIND,PLATINUM,LOUD
1001,256,HUG,BRIGHT,OXYGEN,STRAWBERRY
1002,256,GARISH,GAS,OF,ZERO
1003,256,TOOT,DIRTY,FLASHY,STINKER
1004,257,STALK,STOCK,HUNT,SNACK
1005,257,BEANS,POD,PECK,TYPE
1006,257,NIBBLE,TRACK,BROAD,PASTA
1007,257,FORE,GRAZE,VEGETABLES,TRAIL
1008,258,PILLOW,RUBY,COBRA,CROC
1009,258,LIGHTNING,SHUTTLECOCK,MOCCASIN,BOA
1010,258,PYTHON,HEADDRESS,BASIC,SLIPPER
1011,258,LOAFER,INSPIRATION,JAVA,UNION
1012,259,SUPER,COMPUTER,BUGS,COMPANY
1013,259,HOUNDS,CATS,FISH,BADGERS
1014,259,HARD KNOCKS,PIANO,CABARET,ROCK
1015,259,ANNIE,THOUGHT,TESTS,NAGS
1016,260,CORE,FEATHER,WIND,MILL
1017,260,MIDDLE,WING,SEED,LIGHT
1018,260,WINE,STEM,PLANT,SHOP
1019,260,RIND,FACTORY,HEAVY,WINK
1020,261,ROMANTIC,TYPE,BRAVE,FACE
1021,261,KIND,EXPRESSION,SOUR,SURREAL
1022,261,BITTER,SWEET,VARIETY,MEET
1023,261,SORT,CONFRONT,SALTY,MANNER
1024,262,ANIMAL,SPLIT,NEON,SALMON
1025,262,ROPE,MULLET,TUCK,WORD
1026,262,PIKE,GOLDFISH,CORPORATE,HEADBAND
1027,262,SPANDEX,RITZ,OYSTER,STRADDLE
1028,263,BUTTER,FRUIT,FANTASY,BASEBALL
1029,263,TOMORROW,GARLIC,CRICKET,VAMPIRE
1030,263,STAKE,FRONTIER,BET,BREAD
1031,263,PARSLEY,RISK,ADVENTURE,GAMBLE
1032,264,FOREST,PARADE,EROTIC,SKELETON
1033,264,TRAIN,HEDGEHOG,OLIVE,BOOK
1034,264,MINT,DEMOCRATIC,CACTUS,FLEET
1035,264,NOBLE,CARAVAN,SAD,LIME
1036,265,HINGE,SPOIL,DRILL,MATCH
1037,265,LOCK,TINDER,HANDLE,BUMBLE
1038,265,GRINDER,FRAME,SAW,LOG
1039,265,FLUFF,KINDLING,BLOW,ROUTER
1040,266,CLUE,ROOT,WHINE,WING
1041,266,CRADLE,BRANCH,FROWN,BARK
1042,266,PREEN,GROWL,ARM,FONT
1043,266,HOWL,MELLOW,SOURCE,CHAPTER
1044,267,PLASTIC,FOIL,CELLOPHANE,LUMBER
1045,267,ORGANISM,HARPOON,TRUDGE,LIMBER
1046,267,STOMP,ELASTIC,GLOVE,BASSINET
1047,267,MASK,PLOD,JACKET,SUPPLE
1048,268,LEAP,DAY,SAFE,TANG
1049,268,FLOW,VAULT,AGE,JUMP
1050,268,SPRING,TIME,DRIB,CHEST
1051,268,ERA,COFFER,HOP,REED
1052,269,WAVE,DANCE,SEA,CAVE
1053,269,TON,BUCKLE,FLOP,SNAP
1054,269,BUTTON,WHISTLE,MASS,SHOUT
1055,269,GIVE,LAUGH,COLLAPSE,SLEW
1056,270,OKAY,COUCH,FOOT,MOLE
1057,270,INTIMATE,SLEEPER,KELVIN,VERSE
1058,270,SUGGEST,THOUSAND,LINE,ASSET
1059,270,METER,AGENT,POTASSIUM,IMPLY
1060,271,BLUE,POLE,CUBAN,SPACE
1061,271,AMERICAN,KITTEN,DUTCH,WEDGE
1062,271,JEOPARDY,HURDLE,SWISS,DATE
1063,271,JACK,HAMMER,STILETTO,JAVELIN
1064,272,FELLOW,SPY,PEEP,BIRTHMARK
1065,272,STUDY,ANIMAL,PEER,UNIT
1066,272,BUNNY,HALL,ASSOCIATE,EGG
1067,272,LOUNGE,JELLY BEAN,LIBRARY,PARTNER
1068,273,SWIFT,VEHICLE,LARGE,LEGEND
1069,273,SMALL,MEANS,MEDIUM,MARS
1070,273,OUTSIDE,ROOM,GRANDE,SLIM
1071,273,PROOF,STYLES,REMOTE,CHANNEL
1072,274,CLUB,WINDSOCK,RUNWAY,BEANBAG
1073,274,TURNCOAT,LAWSUIT,TORCH,FOXGLOVE
1074,274,CLAIM,TERMINAL,GUMSHOE,COMPLAINT
1075,274,HANGAR,RING,ACTION,TARMAC
1076,275,TOE,JOINT,PIPE,FLUSH
1077,275,CIGARETTE,DRAIN,COMMON,FEVER
1078,275,CLEAR,PENCIL,AMERICAN,TICKET
1079,275,COLLECTIVE,LUCID,EMPTY,MUTUAL
1080,276,DART,CAN,PUNCH,HEM
1081,276,HAW,DRY,LOO,EDGE
1082,276,CONDO,SPICE,FREEZE,PLEAT
1083,276,BITE,HERO,SEAM,CURE
1084,277,PIE,DAY,NEW,WINNER
1085,277,SPIKE,ROW,HIT,JELL
1086,277,SUCCESS,BUMP,JACKIE,SET
1087,277,DADDY,MOO,SERVE,SMASH
1088,278,MARCH,MADNESS,FREEZE,FEET
1089,278,SIX,FAKE,FOLLY,PUSH
1090,278,NONSENSE,CHEESE,GARBAGE,PROGRESS
1091,278,SKUNK,CUT,ADVANCE,ABSURDITY
1092,279,STICK,SHIFT,BONE,HIDE
1093,279,BLANK,BLOCK,SPACE,BALL
1094,279,OBSCURE,COMMAND,FLAKE,COVER
1095,279,CONTROL,FORGET,FRISBEE,OPTION
1096,280,SHRINK,PILOT,BUSINESS,CONTRACT
1097,280,COACH,VET,SPECIAL,PREMIUM
1098,280,REVIEW,PREMIERE,REDUCE,SCREEN
1099,280,FINALE,CHECK,FIRST,LESSEN
1100,281,PRINCESS,CANDY,BEAN,LICORICE
1101,281,PUMPKIN,MELON,BAGUETTE,EMERALD
1102,281,RADIANT,COSTUME,NOODLE,FENNEL
1103,281,TARRAGON,NUT,ANISE,DECORATIONS
1104,282,BLANKET,CADET,BAR,SCARF
1105,282,MAJOR,HEATER,GENERAL,STATION
1106,282,WOLF,DEGREE,DOWN,CONCENTRATION
1107,282,BROAD,INHALE,MINOR,SWEEPING
1108,283,GOLDEN,HOWL,RANK,PIT
1109,283,IF,BOSTON,AND,HARLEM
1110,283,PLUS,CLASS,WITH,DIVISION
1111,283,TIER,DADDY,LAB,ALSO
1112,284,BABY,CRADLE,CAN,MEOW
1113,284,BOOTY,TOWEL,PAJAMAS,MOTHER
1114,284,SPOIL,EYE,SLIPPERS,REAR
1115,284,ROBE,PAMPER,BUM,WASHCLOTH
1116,285,DIRTY,SORRY,TRASH,DATE
1117,285,KNOCK,OUT,OOPS,EXCUSE
1118,285,DOH,BLAST,APOLOGIES,DEAD
1119,285,DEFENSE,PARDON,SLAM,REASON
1120,286,SUNFLOWER,SOLITAIRE,STAGE,SNAIL
1121,286,CYCLE,CYCLONE,CYCLOPS,CYGNUS
1122,286,UNICYCLE,ORION,ROUND,GALAXY
1123,286,PEGASUS,PHASE,MONOLOGUE,GEMINI
1124,287,GUESS,CHARADE,KING,WIND
1125,287,NATURE,PLOT,FIDDLE,BERRY
1126,287,FRONT,PAGE,TITLE,AIRS
1127,287,WATERS,CAST,AFFECT,GENRE
1128,288,RUSHMORE,PARMESAN,OLYMPUS,ASTROTURF
1129,288,JUMBOTRON,JOURNEYMAN,KISSCAM,BOLOGNESE
1130,288,CREAMSICLE,FUJIFILM,NEAPOLITAN,SKYBOX
1131,288,HASSELBLAD,VENETIAN,SCOREBOARD,POLAROID
1132,289,POP,EYE,COW,GAG
1133,289,EAR,YAK,EWE,JAW
1134,289,DOE,MAR,YAP,BIB
1135,289,SAT,HEN,MER,GAB
1136,290,VOLLEYBALL,SQUASH,TABLE,HOCKEY
1137,290,RECORD,BREAKING,CRICKET,PRESS
1138,290,FROG,SKELETON,MOOD,CRUSH
1139,290,TRAMPOLINE,KANGAROO,MASH,HARE
1140,291,SHADOW,NAME,VISA,TRACK
1141,291,DISCOVER,PHOTO,GLORY,STAMP
1142,291,CHASE,PROPS,LEARN,CREDIT
1143,291,TAIL,FIND,PRAISE,REALIZE
1144,292,SKIP,CAMEL,BEIGE,ROMP
1145,292,COLOR,CUT,BLOWOUT,HAMSTER
1146,292,CHEESE,SWEEP,DITCH,TAN
1147,292,PRAYER,KHAKI,MISS,ROUT
1148,293,PACE,CLIPPER,MOVE,MEDICINE
1149,293,FASTER,PROMPTER,ROCKET,SPEED
1150,293,GO,SPUR,COMMUTE,HURRY
1151,293,RATE,VISION,CLIP,PACER
1152,294,BUD,LIGHT,HARP,SHOOT
1153,294,CORONA,BASS,FLARE,REAR
1154,294,FOSTER,BLOOM,NURSE,RECORDER
1155,294,BASSOON,RAISE,SPROUT,RADIATION
1156,295,BINGO,ROW,CORRECT,COMPUTER
1157,295,FIGHT,AMEND,BLUE,POTATO
1158,295,FIX,TIFF,POKER,ROULETTE
1159,295,REVISE,LOTTERY,SCRAP,WAR
1160,296,BLUE,CASINO,GRAY,SPATULA
1161,296,DEPARTED,RIGHT,AVIATOR,LEFT
1162,296,ACE,SPLIT,ATM,FLIER
1163,296,WENT,SCHEDULE,PILOT,FIN
1164,297,HAPPY,PRETTY,SHINY,SKY
1165,297,BABY,LADY,ARMY,NAVY
1166,297,TIFFANY,LIVERY,COLONY,REALLY
1167,297,MIGHTY,DAISY,VERY,GOOFY
1168,298,SWEET,BEAR,TINDER,DRY
1169,298,HARBOR,CHAIR,GOLDILOCKS,LEADERSHIP
1170,298,MAINTAIN,IRONIC,BALANCED,BED
1171,298,TABLE,HOLD,COUCH,FULL
1172,299,JOKER,HAIR,RING,WITCH
1173,299,LION,CLOWN,SINNER,WARDROBE
1174,299,TENT,SCARECROW,MAKEUP,WIZARD
1175,299,PROPS,SMOKER,TRAPEZE,LOVER
1176,300,EAR,SCOPE,IRON,OIL
1177,300,CREST,BRUSH,ARMS,REACH
1178,300,KETTLE,RANGE,COMB,STEEL
1179,300,DRYER,COAT,SHIELD,EXTENT
1180,301,HONEY,BROWN,CORSET,MINERAL
1181,301,SPRING,SLIP,TEDDY,WASP
1182,301,FALL,HOURGLASS,TAP,BOO-BOO
1183,301,STILL,SPILL,DIABOLO,TRIP
1184,302,MASS,MARY,NORMAL,WASH
1185,302,STANDARD,DRY,YARDSTICK,FOLD
1186,302,OILY,CHECK,GAUGE,COMBINATION
1187,302,CALL,KENT,BENCHMARK,BET
1188,303,BUZZ,GIFT,SHRINK,DART
1189,303,SCRAMBLE,AXE,RUSH,RING
1190,303,BUBBLE,HORSESHOE,BOIL,KICK
1191,303,BODY,FRY,THRILL,POACH
1192,304,SMOKES,JAMS,CANS,MITTENS
1193,304,PUFFS,KETTLES,SPOTS,SALTS
1194,304,RAINDROPS,PANTS,PICKLES,WHISKERS
1195,304,GASPS,CURES,BINDS,HUFFS
1196,305,MOCCASIN,PRINCE,POKE,BALL
1197,305,SLIPPER,ELBOW,BOA,BOWTIE
1198,305,STICK,TUBE,WHEEL,PROD
1199,305,MAMBA,JAB,PUMPKIN,ADDER
1200,307,üçû,üß†,ü´ñ,ü™ö
1201,307,üò±,üêë,ü•¨,üöÇ
1202,307,üëΩ,üßÄ,üåßÔ∏è,üëÅÔ∏è
1203,307,ü•ì,‚úàÔ∏è,üêù,üßõ
1204,308,FLASH,CLASH,WINK,SPAT
1205,308,ZIP,CANE,LOVE,HEARTBEAT
1206,308,TIFF,SQUAT,SCRAP,MONOCLE
1207,308,TANGLE,TOP HAT,JIFF,JACK
1208,309,CRAZY,PEANUTS,PRIZE,FIRM
1209,309,PIGPEN,SOUND,GIFT,CHARLEY
1210,309,STABLE,STY,DARK,CARAMEL
1211,309,DUMP,POPCORN,SOLID,MESS
1212,310,POWER,DRIVE,WILL,SHORTS
1213,310,SHOE,SERIES,TEE,FLY
1214,310,BATTERY,SUNGLASSES,SET,RADISH
1215,310,DESIRE,ARRAY,HAT,RESOLVE
1216,311,PEA,CHEST,BROWN,GROUNDS
1217,311,HAZEL,HEAD,GREEN,FICTION
1218,311,LAWN,CHAIR,COCO,DIRECTOR
1219,311,CHIEF,DOGS,FIELD,UNCHAINED
1220,312,MERMAID,PIXIE,MAIN,RULER
1221,312,KING,PIPE,BUZZ,BOWL
1222,312,COMPASS,CLOWN,CHANNEL,CREW
1223,312,SCALE,LINE,WATCH,COLONEL
1224,313,SUPER,BALLOON,STICK,SWELL
1225,313,DOMINO,JACK,NEAT,UBER
1226,313,HYPER,SNOWBALL,MARBLE,CLEAN
1227,313,TIDY,ULTRA,MUSHROOM,TRIM
1228,314,WEDDING,SPIRIT,DRILL,FRIAR
1229,314,AMERICAN,SUNDRY,MONKEY,WRENCH
1230,314,ROUTINE,YANK,UNITED,EXERCISE
1231,314,TEAR,FRONTIER,PRACTICE,RIP
1232,316,GOATEE,HAMMER,HURDLE,HITCH
1233,316,HOGWASH,PITCHFORK,TAIL,BEND
1234,316,BUNK,SHEEPSHANK,HORNS,HORSEFEATHERS
1235,316,POLE,CROCK,BOWLINE,BATON
1236,317,DRUM,TRACK,SYMPHONY,WIG
1237,317,CONDUCTOR,WAX,CYMBAL,IDEAL
1238,317,CAR,MODEL,MARK,SIMMER
1239,317,EXAMPLE,SCIMITAR,STATION,SYMBOL
1240,318,DIRT,MIND,SHARE,REGARD
1241,318,POST,INTELLIGENCE,FOLLOW,STAKE
1242,318,OBSERVE,INTEREST,COLUMN,SECRETS
1243,318,POLE,INFORMATION,PERCENTAGE,PILLAR
1244,319,MEAN,GIRLS,IN,OZ
1245,319,CURB,PLAN,PARACHUTE,GUTTER
1246,319,GAL,RULE,GRATE,FLEECE
1247,319,AIM,CAL,INTEND,MANHOLE
1248,320,GLUE,STICK,CUT,WORDS
1249,320,ROD,COPY,PLUS,LIST
1250,320,PASTE,COLOR,TEXT,CLARITY
1251,320,OK,WRITING,CARAT,ADHERE
1252,321,SIDE,SURFACE,BUTTERFLY,DOMINO
1253,321,FREESTYLE,PLACEBO,MAKE UP,CRAWL
1254,321,COSMETIC,BABBLE,EXTERNAL,AD-LIB
1255,321,COO,IMPROV,SHALLOW,NURSE
1256,323,SURPRISE,BOX,STORY,STAGE
1257,323,LEVEL,ROCK,ORCHESTRA,FLOOR
1258,323,BALCONY,FEATURE,REPORT,FLAT
1259,323,FLUSH,SHOCK,EVEN,ARTICLE
1260,324,SHADOW,BUD,KITTY,FUZZ
1261,324,DARK,WHISKERS,POT,COLD
1262,324,POOL,DANK,MATE,FUND
1263,324,CHUM,SCRUFF,MUSTY,PAL
1264,325,MINI,LIME,FAITH,MOLE
1265,325,SALSA,POODLE,PICO,FOOT
1266,325,PENCIL,MICRO,ONION,WRAP
1267,325,MEGA,CILANTRO,KILO,CAPITOL
1268,326,BOUNCE,BIG,RED,BOOT
1269,326,BLACK,SOIL,TOSS,SPLASH
1270,326,SULLY,LAND,BALTIC,EARTH
1271,326,PHILIPPINE,PHILADELPHIA,GROUND,EJECT
1272,327,BUY,SHORT,SPIKE,SWALLOW
1273,327,DIGEST,CURT,HAIRY,OUTLINE
1274,327,BELIEVE,BRIEF,SURGE,WANE
1275,327,ABSTRACT,ACCEPT,KNEEL,OUTAGE
1276,328,SINE,SEN,SUN,TAN
1277,328,MOVE,TASTE,SOUR,SIGHT
1278,328,BAKE,TOUCH,GRACE,AFFECT
1279,328,STYLE,IMPACT,BASK,ELEGANCE
1280,329,SNOW,RAM,FIERCE,PROUD
1281,329,VIRGIN,HAIL,BLOODY,NOISE
1282,329,DEEP,BUMP,FUZZ,INTENSE
1283,329,BUTT,STATIC,EXTREME,KNOCK
1284,330,BODY,MICROSCOPE,SIGN,SHEET
1285,330,HEART,CELL,BEAKER,LOVE
1286,330,DROPPER,NUCLEUS,ROMANCE,FORMULA
1287,330,CENTER,SORT,GOGGLES,HUB
1288,332,VIEW,ANIMAL,PLANE,WINDOW
1289,332,FLY,POINT,POCKET,DOOR
1290,332,HISTORY,KINK,RIVET,LINE
1291,332,SOLID,FILE,SUPREME,BUTTON
1292,333,RANCH,STATEMENT,CATTLE,BROTH
1293,333,QUESTION,BARBECUE,GRILL,BILL
1294,333,ANCESTRY,EXAMINE,RECEIPT,MARINARA
1295,333,PROBE,AIOLI,MERCHANDISE,INVOICE
1296,334,ACE,POPCORN,JOKER,RAPTURE
1297,334,CRACKERJACK,JACK,SOULMATE,WRENCH
1298,334,HER,ROCKETRY,HOTSHOT,SIGNS
1299,334,TIRE,EXPERT,GLADIATOR,CHOCK
1300,335,SPRING,LOVE,PIN,WELL
1301,335,FANCY,JEWEL,LIKE,CARROT
1302,335,CYLINDER,HURTS,LITERALLY,RELISH
1303,335,UM,OM,SAVOR,TUMBLER
1304,340,GARAGE,SHED,YARD,DISCO
1305,340,LOUNGE,CLEARANCE,SAMPLE,LEAGUE
1306,340,DITCH,FATHOM,BAKE,CLUB
1307,340,FOOT,LOSE,BAR,DROP
1308,341,BRIDGE,QUEEN,COWBOY,CARTER
1309,341,HONEY,BOUNTY,KING,CRUNCH
1310,341,BUSY,DUEL,SQUAT,TUTU
1311,341,SALOON,SPELLING,GORE,DIP
1312,347,SPRINKLE,SPONGE,BIRD,ROSE
1313,347,PICK,CHERRY,DROP,CREAM
1314,347,MUD,BUBBLE,TOP,SPOT
1315,347,RUBY,BEST,SPLASH,BRICK
1316,348,SPELL,CHECK,EGG,BILL
1317,348,PERIOD,TAB,TIME,LIMIT
1318,348,FUR,CAP,CONTAIN,VENOM
1319,348,CORK,CURB,STRETCH,LID
1320,349,SILVER,MUSIC,STAR,CROSS
1321,349,MAD,MED,SUN,LEAD
1322,349,GARLIC,SANDWICH,ONION,SODA
1323,349,LAMPOON,PRINCIPAL,CRACKED,HEADLINER
1324,350,SNAP,WRAP,TRAP,CLAP
1325,350,BOB,BUN,YAP,TAP
1326,350,APPLAUSE,GOLF,DRINKS,CHOPS
1327,350,HERO,KISSER,FUNDING,ROLL
1328,352,SOME,LOVERS,FOOL,MANY
1329,352,COUPLE,JOIN,MAGICIAN,HANDFUL
1330,352,TOWER,FEW,BOTHER,TIE
1331,352,PAIN,LINK,SEVERAL,PEST
1332,353,GLOBE,MERCURY,TOP,RECORD
1333,353,LEAD,FERRY,HARNESS,BRASS
1334,353,CAROUSEL,CHEEK,PLANT,HALTER
1335,353,NERVE,NICKS,COLLAR,GALL
1336,354,FRANK,FRUIT,EGG,DIRECT
1337,354,PLAIN,PRODUCE,WRITE,MUM
1338,354,RETURN,ACT,REWARD,EVERYTHING
1339,354,VAMP,POPPY,WERE,BENEFIT
1340,355,MAMA,MIA,OMG,KID
1341,355,MULE,PIN,ROUND,SLING
1342,355,NEEDLE,CHUCK,RAM,RIB
1343,355,FLANK,TEASE,LIBRE,LOIN
1344,356,SQUARE,PAIR,LOADED,DICE
1345,356,FLUSH,BURY,CUBE,CURRENT
1346,356,STRAIGHT,LEACHY,STUFFY,CHOP
1347,356,RICH,MINCE,TRADITIONAL,WEALTHY
1348,357,CATFISH,HAIRPIN,FISHBOWL,TRAMPOLINE
1349,357,MOUSETRAP,WEREWOLF,BULLDOG,SWITCHBACK
1350,357,DOGLEG,MATTRESS,HORSEFLY,CATEGORIES
1351,357,TURTLEDOVE,CHARADES,CLOCK,ZAG
1352,358,PING,PONG,DIRTY,TEXT
1353,358,GARDEN,FRUIT,BATTER,CAN
1354,358,BASE,CONTACT,PITCHER,LOW
1355,358,TABLECLOTH,VILE,SKULL,MESSAGE
1356,359,ICE,COAST,STILL,WET
1357,359,SECURITY,LOCK,BREEZE,SHOT
1358,359,SECURE,PICNIC,THROW,SAIL
1359,359,SNAP,GLIDE,CINCH,PIC
1360,360,OPEN,AURA,HODA,SAVANNA
1361,360,PLAIN,MEASURE,ACT,DIRECT
1362,360,DOGE,FRANK,BUCK,BILL
1363,360,PRAIRIE,RESOLUTION,STRAIGHT,MEADOW
1364,361,YO,JIM,SKETCH,SUP
1365,361,SHADY,PLAN,FEAST,SUS
1366,361,FIT,ME,DRAFT,FEED
1367,361,ELLA,OUTLINE,DINE,PICKINGS
1368,362,TAG,LINE,BUNNY,HOP
1369,362,GREECE,LABEL,DODGE,DUCK
1370,362,HIDE,PIG,HARE,COLLECTION
1371,362,BRAND,KATZ,MARTIAN,MAIM
1372,363,RUFFLE,PAN,TEASE,WISE
1373,363,LAY,TRIM,KETTLE,SET
1374,363,FRINGE,PLACE,GEEZ,POT
1375,363,PUT,SEIZE,GRIDDLE,FRILL
1376,364,CARPENTER,PUPPET,MAGIC,UNDERWEAR
1377,364,TOOL,WOO,CAPE,BAY
1378,364,CHARM,PAWN,MASK,INSTRUMENT
1379,364,TIGHTS,SPELL,SCOTT,HEX
1380,365,INITIAL,HERE,WEE,THEME
1381,365,ENDORSE,MAIDEN,PREMIER,CHAMPION
1382,365,SIGN,SUPPORT,BANNER,USE
1383,365,FIRST,POSTER,BACK,BILLBOARD
1384,366,WHEELS,PEELS,BEES,KNEES
1385,366,SHELLS,GOSSIP,SHOULDERS,RIDE
1386,366,HEAD,WHIP,SHUCKS,CAFFEINE
1387,366,AUTO,INTERCOMS,TOES,PARES
1388,367,PINCH,CHALK,MATCH,DEAL
1389,367,RACK,TOUCH,BUY,STEAL
1390,367,FACE,VALUE,POCKET,BALL
1391,367,DASH,CUE,MAC,BIT
1392,368,SEA,SMILE,EGG,CORN
1393,368,CHEESE,CHUMP,PIPE,SAP
1394,368,DRAIN,KNUCKLES,LOOSE,DUCT
1395,368,SCHMALTZ,CLIMATE,SEWER,WINDOW
1396,369,CULTURE,HEYDAY,SPORTS,HIJINKS
1397,369,USE,UP,YOGURT,MILK
1398,369,COPY,EXPLOIT,OVER,SUPPER
1399,369,LEVERAGE,DONE,THROUGH,CITY
1400,370,BULLY,BULL,EATS,MEAT
1401,370,STOCK,STEER,RATTLE,GUIDE
1402,370,FARE,FLEA,COW,CHOW
1403,370,LEAD,GRUB,DIRECT,DAUNT
1404,371,BODY,MARACA,JACKET,HOOD
1405,371,SLEEVE,FUJI,CANON,HANDS
1406,371,INSERT,POLAROID,OLYMPUS,WORKS
1407,371,WHITNEY,SNOWGLOBE,OEUVRE,RECORD
1408,372,SAFETY,SWAY,SACK,BOB
1409,372,PUSH,PULL,WEIGHT,ROB
1410,372,CROP,LOOT,FADE,BOBBY
1411,372,CLOUT,SHAG,RAID,HAIR
1412,373,PRESS,LOCK,HURRY,WAVE
1413,373,PANE,FLY,CURRENT,CURL
1414,373,NOW,ROW,STAT,MARKS
1415,373,DRIFT,PRONTO,RUSTLE,TIDE
1416,374,FLAT,TIRE,DOWN,VOTE
1417,374,PUMP,SHAKE,QUARTER,HEEL
1418,374,NATURAL,CHOICE,SAY,SPEAK
1419,374,WAFFLE,STEAM,WHOLE,VOICE
1420,375,WAXY,SOLID,EVIL,GENIUS
1421,375,VILE,FLEXIBLE,LIT,WICKED
1422,375,EASY,BEGINNER,OPEN,LIVE
1423,375,AMAZING,SCENTED,VEIL,RECEPTIVE
1424,376,DUMBO,E.T.,MY LEFT FOOT,DOGMA
1425,376,THE GREEN MILE,BEETLEJUICE,WALL STREET,KILL BILL
1426,376,CHINATOWN,FRIGHT NIGHT,FOXY BROWN,HEDWIG AND THE ANGRY INCH
1427,376,OCTOPUSSY,THE LONGEST YARD,BE KIND REWIND,MANHATTAN
1428,377,ARROW,CRUCIFIX,HYPHEN,HYBRID
1429,377,ANGRY,COMPLEX,SUBSTANCE,CHECKBOX
1430,377,BAROQUE,CRUX,INVOLVED,HEART
1431,377,ESSENCE,ELABORATE,BETRAY,BULLET
1432,378,SMASH,THAT,LIKE,BUTTON
1433,378,FANCY,CAT,SHIRT,SUCCESS
1434,378,EDITOR,HAT,HIT,DIG
1435,378,APPRECIATE,STICKER,PASTE,SENSATION
1436,379,PLEATS,PLEASE,HOLD,RECORD
1437,379,WOMAN,FILM,GOOD,PASTEL
1438,379,PENNY,STAPLE,TAPE,RIVET
1439,379,ABSORB,PETALS,ENGROSS,SHOOT
1440,380,MOBILE,FOLLOWERS,SHOVELS,BUFFALO
1441,380,LIKES,INSULTS,SHARES,SHEEP
1442,380,APARTMENT,BILLINGS,PUPPETS,OPTIONS
1443,380,EQUITY,PHOENIX,STOCKS,LEMMINGS
1444,381,NICE,RING,STYLE,POINT
1445,381,KIND,STICK,TENDER,MESSAGE
1446,381,SWEET,TYPE,DRIFT,SICK
1447,381,SORT,WING,COOL,IDEA
1448,382,SCHOOL,SPOOL,WAX,SOLAR PANEL
1449,382,MOVIE,THREAD,HONEYCOMB,WIND
1450,382,LASER,BALL,WRAP,VITAMIN
1451,382,COIL,SPREADSHEET,ORGANISM,PLUCK
1452,383,STAFF,HAT,MAKE,BRIDGE
1453,383,HATCH,NET,ROBE,SPAN
1454,383,CLEAR,KEEL,CLEF,SECTION
1455,383,SUITE,BEARD,DECK,EARN
1456,386,HI,BYE,TRI,BI
1457,386,TRAP,AB,POP,OFF
1458,386,DUB,MED,BUY,QUAD
1459,386,LO,EMO,PEC,BY
1460,387,SOLE,FLOWER,FLOATER,BOUNCE
1461,387,THREE,BODY,PROBLEM,POSTER
1462,387,LIFT,DUNK,ONLY,SKATE
1463,387,PERCH,VOLUME,LAYUP,PIKE
1464,388,MARBLE,BASEBALL,DRIVE,WILD
1465,388,REVERSE,PUSH,GYM,PARK
1466,388,PROMPT,PEA,DRAW,DUGOUT
1467,388,SKIP,PROPEL,GRAPEFRUIT,COURTROOM
1468,389,COAT,BRUSH,DEVELOP,FILM
1469,389,SWEEP,PICTURE,SKIN,FLICK
1470,389,IMAGINE,LAYER,PROGRAM,CODE
1471,389,WIPE,CONCEIVE,HACK,ENVISION
1472,390,CINDERELLA,TAILGATE,GREEN LIGHT,RUMPELSTILTSKIN
1473,390,FERRIS WHEEL,BUMPER-TO-BUMPER,DAVID-AND-GOLIATH,THUMBS-UP
1474,390,BUTTERMILK,RAGS-TO-RICHES,MERRY-GO-ROUND,CLEARANCE
1475,390,UNDERDOG,TILT-A-WHIRL,GO-AHEAD,ROLLER COASTER
1476,391,YANKEE,PAPER,DEPUTY,FLAMINGO
1477,391,ERASER,SILVER MEDAL,BUBBLE GUM,REPORT
1478,391,PENCIL,VICTOR,DEREK JETER,HOTEL
1479,391,ESSAY,FOXTROT,CARNATION,ARTICLE
1480,392,SEA,AYE,SEE,TEA
1481,392,COURT,PRO,DROVE,DATE
1482,392,PACK,FOR,PALM,WOO
1483,392,TAROT,HOST,AURA,YEA
1484,393,FISH,BUSH,FLAMINGO,SHAPE
1485,393,FOUNTAIN,FOLK,COUNTRY,FAIRY
1486,393,GNOME,STATE,TALL,STICKS
1487,393,FORM,WOODS,PINWHEEL,CONDITION
1488,394,SALTY,PEPPER,BAKED,CAKE
1489,394,SPRINKLE,ONION,BITTER,EARTH
1490,394,SWEET,SCATTER,COUCH,UPSET
1491,394,HOT,PLYWOOD,SORE,STREW
1492,395,POWER,CASINO,UMBRELLA,CHERRY
1493,395,DIAMONDS,SWORD,SHIELD,TOMORROW
1494,395,OLIVE,MENU,QUANTUM,SCREEN
1495,395,BLOCK,VOLUME,COVER,CHANNEL
1496,396,FIX,SHIP,HOLE,STAIN
1497,396,TEMPERATURE,LINER,ANGLE,SPOT
1498,396,BALM,EDUCATION,SEND,CRIME
1499,396,MAIL,CORNER,GLOSS,POST
1500,397,FRANK,STRING,WOOD,RING
1501,397,DOG,FOG,TRAIN,BIRDS
1502,397,CHAIN,LINK,IRON,BRAT
1503,397,DRIVER,OMEN,SERIES,WEDGE
1504,398,FLY,NAIL,SINK,SINKER
1505,398,WASHER,DRYER,BUG,SCREW
1506,398,MIRROR,BOLT,LINE,CHAIR
1507,398,HOOK,STRIKE,NUT,ROD
1508,399,BARE,CARPET,RAW,MEAT
1509,399,NEW,DELICATE,DELICIOUS,MOUSSE
1510,399,DEAR,DESSERT,SENSITIVE,SIDE
1511,399,STARTER,TAPE,MAIN,TENDER
1512,400,BOND,WING,RUSH,KISSES
1513,400,HUNT,LEAF,SEARCH,PARTY
1514,400,ALWAYS,CAMP,YOURS,MINE
1515,400,CHASE,SIDE,QUEST,LOVE
1516,401,PERSONAL,PORT,MAJOR,OUTLET
1517,401,PRIVATE,DEMAND,POP-UP,MARKET
1518,401,AUDIENCE,WANT,CAPTAIN,JACK
1519,401,GENERAL,APPETITE,SOCKET,ATTACK
1520,402,UNKNOWN,FORMULA,DOORKNOB,KNIFE
1521,402,TALK,FORK,RECIPE,DISH
1522,402,TOPKNOT,PART,TELL,SECRET
1523,402,SPLIT,TICKET,BRANCH,SPILL
1524,403,BRIEF,WORD,MESSENGER,LICENSE
1525,403,PROMPT,SLACK,SIGNAL,CLUTCH
1526,403,SHORT,DRAWER,BOXER,FREEDOM
1527,403,TOTE,LATITUDE,SATCHEL,CUE
1528,404,QUIET,MAGIC,COLD,SIN
1529,404,BUG,BREACH,EASY,ENOUGH
1530,404,SING,WINDY,DIVE,MOTOR
1531,404,RELAX,COUGH,SPOUT,CHILL
1532,405,SAT,MAY,TO,SUN
1533,405,WALL,WED,PUT,COUPLE
1534,405,TWO,TIE,TUE,LAID
1535,405,TOO,WILD,PLACED,UNITE
1536,406,ASH,ELECTRIC,SAW,JET
1537,406,GAS,CHESTNUT,FILTER,GUM
1538,406,EBONY,MAXIM,WOOD,HEATER
1539,406,PUMP,CHERRY,CHARCOAL,ADAGE
1540,407,SAW,DOG,JUG,BOTTLE
1541,407,PHONE,FREEZE,CELL,SPOONS
1542,407,MOBILE,PROTEIN,RATTLE,ATOM
1543,407,WASHBOARD,PRICE,MOLECULE,CRIB
1544,408,BIRTHDAY,MARBLE,WRENCH,CONCRETE
1545,408,CURVEBALL,WORKSHOP,PARTY,POUND
1546,408,SPITBALL,MATERIAL,REAL,TANTRUM
1547,408,SOLID,BRAINSTORM,CRUMB,IDEATE
1548,409,PYRAMID,PRINCE,BRITISH,SEAL
1549,409,STING,WASHINGTON,NOVA,USHER
1550,409,NORTHWEST,RACKET,LEAD,EAGLE
1551,409,CON,DIRECT,HUSTLE,GUIDE
1552,410,LIQUID,SQUID,CAVEAT,STORE
1553,410,FIXED,ARCADE,TOXIC,SQUIRREL
1554,410,QUID,STASH,FROZEN,NUMBERS
1555,410,STOW,VOX,BLAME,ERGO
1556,411,COPPER,HONEY,COVER,MELT
1557,411,SUB,SHRINK,HERO,CONDENSE
1558,411,FREEZE,HACK,BACKUP,SOMEDAY
1559,411,ALTERNATE,FANTASY,VAPORIZE,SUIT
1560,412,YEN,BOND,MAD,POWER
1561,412,EURO,O,Q,FORTUNE
1562,412,LONG,M,K,PINE
1563,412,BUBBLEGUM,NATURE,DESIRE,MONEYPENNY
1564,413,TAPE,RECORDING,HAND,SEND
1565,413,APPLAUSE,KEY,PASS,PRINCIPAL
1566,413,RULER,WALK,STAPLE,PEN
1567,413,ESSENTIAL,SCISSORS,GIVE,EXIT
1568,414,BASS,TEMPLE,LIP,RIM
1569,414,SASS,CHANCE,BRIDGE,FLUKE
1570,414,OUTLOOK,CHEEK,PERCH,ATTITUDE
1571,414,FORECAST,PIKE,LENS,PROSPECT
1572,415,ODD,LIBRARY,CHOCOLATE,SOAP
1573,415,PIGEON,MOTHER,RED,LAB
1574,415,BLACK,GREY,GYM,PEACE
1575,415,GOLDEN,EVEN,SILLY,AUDITORIUM
1576,416,SCRUB,MAZE,REGISTER,SHOCK
1577,416,HOG,LOG,MOP,CHEER
1578,416,TANGLE,WEED,RECORD,FUND
1579,416,FRIEND,MANE,TRIMMER,JOURNAL
1580,417,FIREWORKS,LIBERTY,COOKIES,DINNER
1581,417,HISTORY,CHEMISTRY,REVOLUTION,TINKER
1582,417,DATA,BAR,SPARKS,LAP
1583,417,CYCLE,CACHE,TURN,ATTRACTION
1584,418,LISTEN,SOUND,WITCH,TITANIC
1585,418,AVATAR,GIANT,LOOK,HUSTLE
1586,418,MONSTER,FIGURE,CASTLE,APPEAR
1587,418,PERSONA,SEEM,MAMMOTH,CHARACTER
1588,419,CANINE,TRICK,SPIRIT,OZONE
1589,419,OFTEN,POINTER,WILL,VISIT
1590,419,FREQUENT,RESOLVE,HAUNT,TIP
1591,419,GRIT,SUGGESTION,FREIGHT,PATRONIZE
1592,420,HEART,FLASH,MATCH,SQUARE
1593,420,ROUND,PLAZA,RITZ,FIRE
1594,420,SPARKLES,DAZZLE,COURT,CONTEST
1595,420,YARD,SKULL,BOUT,POMP
1596,421,BELIEVE,HANDLE,MOUNT,SHOW
1597,421,BASE,BLUFF,ACCEPT,STAND
1598,421,FRONT,FIFTH,BRACKET,TRUST
1599,421,PINT,BUY,SHAM,LITER
1600,422,PAN,PILOT,SHORT,RABBIT
1601,422,CROSS,PARKER,KINKY,TRIAL
1602,422,PIPER,FIDDLER,TESTY,EXPLORATORY
1603,422,MERRILY,SURLY,PRELIMINARY,JERSEY
1604,423,PACK,CART,CHECK,HAMPER
1605,423,BANK,WASHING,SCHOOL,LAUNDROMAT
1606,423,BIDE,PRIDE,CURB,NIX
1607,423,POST OFFICE,INHIBIT,SUPERMARKET,SWARM
1608,425,FINE,BUTTER,MINT,DOUGH
1609,425,POINT,LINE,FAIR,TRADE
1610,425,BRAZIL,PINE,FIELD,PRONG
1611,425,BUSINESS,TIP,GOOD,TINE
1612,426,HOT DOG,WORD,BUG,TWEET
1613,426,PEEP,PORK,PEACOCK,QUACK
1614,426,HAM,SHAM,SPEED,SOUND
1615,426,FRAUD,NOISE,SHOWBOAT,CHARLATAN
1616,427,KID,CALF,THIGH,KIT
1617,427,TENDER,SHOULDER,MUSCLE,RIB
1618,427,FAWN,TEASE,JOSTLE,CUB
1619,427,BREAST,BARGE,RAZZ,WING
1620,428,REGULAR,COFFEE,PLUS,WATER
1621,428,STEADY,SLIGHT,POOL,FLAME
1622,428,BURN,PERIODIC,DIESEL,DIG
1623,428,LOVER,PREMIUM,JAB,SWEETHEART
1624,429,PYRAMID,HORN,CONE,CHAIN
1625,429,FIGHT,FLAG,FIELD,FLARE
1626,429,SPHERE,PROCESSOR,RECORDER,BARRIER
1627,429,TRIANGLE,DOMAIN,FIDDLE,AREA
1628,430,WAX,MUMMY,GIFT,ANCHOR
1629,430,BURRITO,PRESENT,CLAY,PAPYRUS
1630,430,SPRAIN,FLAIR,MODERATE,TALENT
1631,430,INSTINCT,PARCHMENT,HOST,FACULTY
1632,431,MAKEUP,LEVEL,TAN,STUMP
1633,431,LOG,STRUCTURE,SAW,FILE
1634,431,FABRIC,CLAMP,CANVASS,MOD
1635,431,ORGANIZE,CAMPAIGN,MAX,COMPOSITION
1636,432,LIAR,CON,BACK,DOWN
1637,432,SUPPORT,SYMBOL,MINUS,LOOT
1638,432,CHAMPION,STRIKE,DING,RIGHT
1639,432,BASE,UP,ENDORSE,LEFT
1640,433,NATURAL,JUICE,MAINSTREAM,DAD
1641,433,SWEAT,FLUID,BURST,CHARGE
1642,433,SODA,BATTERY,SMOOTH,LABOR
1643,433,WORK,POWER,GRACEFUL,EFFORT
1644,434,PRESENT,SAMPLE,JEALOUS,TRY
1645,434,TAX,MIX,LUSH,POSSESSIVE
1646,434,DIRECT,TEST,SCRATCH,NAUSEOUS
1647,434,SPIN,IRREGULAR,ECOLOGICAL,STRAIN
1648,435,TALK,PIRATE,PILLAR,PARROT
1649,435,HAM,QUOTE,CANNONBALL,ANCHOR
1650,435,SATELLITE,ECHO,CORNERSTONE,JACKKNIFE
1651,435,BACKFLIP,BACKBONE,BELLYFLOP,REPEAT
1652,436,LITTLE,BULLDOG,SOUR,KISS
1653,436,HUSKY,RING,STOUT,GRUFF
1654,436,POINTER,HORN,ROUGH,AMBER
1655,436,PORTER,HOARSE,MIDDLE,FRY
1656,437,SUPER,COMPLEX,EXPAND,FACILITY
1657,437,ELABORATE,SWELL,GIFT,BLOCK
1658,437,COMPOUND,FLAIR,NEAT,EXPLAIN
1659,437,KNACK,DEVELOPMENT,SPECIFY,NIFTY
1660,438,GUTTER,WHALE,TEAPOT,DOME
1661,438,FISH,BOWL,JUSTICE,ALLEY
1662,438,SOLFEGE,COURT,FOUNTAIN,LANE
1663,438,COLISEUM,LIBRA,DRIVE,ARENA
1664,439,FLING,ROMANCE,TUBE,CHUCK
1665,439,CAST,CREW,PITCH,SWEAT
1666,439,TRAVEL,MARKET,HYPE,FICTION
1667,439,SELL,HUMOR,ANKLE,HURL
1668,440,BEAR,DETOUR,RADIUS,YIELD
1669,440,FOX,TANGENT,REVERSE,SNACK
1670,440,TEN,GENERATE,DIGRESSION,RIGHT
1671,440,PRODUCE,ASIDE,ARE,BABE
1672,441,STRAWBERRY,MILK,OFFICE,RUN
1673,441,BLONDE,ROSE,WORK,TEAMS
1674,441,JOBS,FUNCTION,EDGE,MARS
1675,441,WINDOWS,VICE,DEVIL,OPERATE
1676,442,HORROR,CHEERLEADER,PUNK,JOCK
1677,442,MIA,GOTH,WAVE,GLAM
1678,442,CHAMPION,ELSEWHERE,VALUE,EXPONENT
1679,442,GONE,METAL,ADVOCATE,ABSENT
1680,443,BUTTERFLY,TUXEDO,PEACOCK,NERVE
1681,443,BEETHOVEN,SPINE,WILLY,JACKET
1682,443,CORNUCOPIA,KALEIDOSCOPE,TORTOISESHELL,JITTER
1683,443,CALICO,COVER,TABBY,PAGE
1684,444,X-RAY,BYTE,RADIO,DRILL
1685,444,DISHWASHER,RAM,MICROWAVE,SERVER
1686,444,COMEDIAN,COOK,STUFF,HOST
1687,444,PACK,VISIBLE,BRIDLE,JAM
1688,445,CLOUD,SHOE,SUBJECT,OBJECT
1689,445,BULL,GUINEA PIG,COTTON BALL,FOG
1690,445,DANDELION,MIND,MATTER,VOLUNTEER
1691,445,PROTEST,PARTICIPANT,SHEEP,DISAPPROVE
1692,446,BIRTHDAY,CANDY,GET IT,THANK YOU
1693,446,CONTACT,WITNESS,HACK IT,SEE
1694,446,SHADOW,MAKE DO,GET WELL,UNDERSTAND
1695,446,MANAGE,CAPISCE,GET BY,CONGRATULATIONS
1696,447,SPORT,DRINK,BLUE,OOZE
1697,447,DOWN,LLAMA,TIGER,GAME
1698,447,DEEP,CHAMP,BRINY,EERIE
1699,447,AMENABLE,AARDVARK,BUDDY,WILLING
1700,448,BULL,RUSH,KICK,STAND
1701,448,BEAR,TONGUE,TRIPE,STOMACH
1702,448,HIGH,HEELS,THRILL,MOUSE
1703,448,BALONEY,REMOTE,TAKE,BUNK
1704,449,BOWIE,HEAD,FULL,BUTTER
1705,449,LEAD,THRONE,MERCURY,KING
1706,449,QUEEN,BUTTERFLY,JOHN,GOLD
1707,449,BUTCHER,TWIN,TIN,CAN
1708,450,BABE,BUZZ,BOO-BOO,DAISY
1709,450,JASMINE,MICKEY,DANCE,YOGI
1710,450,GOOF,STING,PETUNIA,FLUB
1711,450,POPPY,LOU,GAFFE,POLLINATE
1712,451,CHAMP,I,ON,SHIP
1713,451,BEST,CRAFT,MUSSEL,GOAT
1714,451,HARE,LEGEND,ABOUT,NAVAL
1715,451,BARGE,TOWARD,CONCERNING,VESSEL
1716,452,TONGUE,TAPE,RANCH,NECK
1717,452,FRENCH,LANGUAGE,DRESSING,COTTAGE
1718,452,BANDAGE,CRAFTSMAN,MAKE OUT,SCISSORS
1719,452,SPEECH,KISS,PRAIRIE,DIALECT
1720,453,MATCH,PHONE,BUD,RANGE
1721,453,SIERRA,DIRT,MATE,PAL
1722,453,REACH,CHECK,NATTY,SCOPE
1723,453,COMPLEMENT,STELLA,EXTENT,PARTNER
1724,455,NERD,GRUMP,SNOOZE,WHAT IF
1725,455,SAY,DO,DOPE,RUNT
1726,455,SLEEP,KISS,SUPPOSE,ALARM
1727,455,HOUR,PERHAPS,TIME SET,WHOPPER
1728,456,OK,COWBOY,ANKLE,SUN
1729,456,HI,TIDE,YO-YO,MA
1730,456,FAIR,GO-GO,AVERAGE,ELEVATOR
1731,456,PA,SO-SO,OR,THIGH-HIGH
1732,457,MARKED,SAID,SPOKE,WHEEL
1733,457,CLEAR,HANDLE,PORTER,PRONOUNCED
1734,457,DESIGNATION,ROUGH,STRIKING,MONIKER
1735,457,TOLD,SOBRIQUET,POWER,VOICED
1736,458,BALLOON,BAR,CAKE,FIZZ
1737,458,PIE,BUBBLE,TIRE,COAT
1738,458,SLING,SMEAR,PUNCH,LINE
1739,458,FLOATIE,SOUR,PLASTER,BASKETBALL
1740,459,FOLK,WARRIOR,COCONUT,TREE
1741,459,SOULMATE,ROCK,CHAIR,BUN
1742,459,MOUNTAIN,MUSTARD,COUNTRY,UPDO
1743,459,SAUERKRAUT,WALLET,BLUES,BRAT
1744,460,EGG,STORY,SUN,SCREEN
1745,460,MOON,REEL,STREAK,POST
1746,460,GLOBE,DECK,SPEAKER,FLOOR
1747,460,TOILET PAPER,MIRROR,LEVEL,PROJECTOR
1748,461,TIE,TAN,FAN,FAWN
1749,461,CHECK,FINISH,MONITOR,BUFF
1750,461,BOA,SCREEN,CREAM,BASK
1751,461,TERMINAL,CORSET,DISPLAY,GLOVES
1752,462,CAT,CRANK,BLOW,POP
1753,462,LION,GRINCH,WIND,TURTLE
1754,462,CRAB,REEL,DRAFT,RAM
1755,462,PUFF,BULL,TURN,GUST
1756,467,MARTINI,TEETH,HUMOR,PENDULUM
1757,467,STEPS,TEA BAG,MONKEY BARS,TETHERBALL
1758,467,TEETOTALER,SLIDE,BOOMER,DESERT
1759,467,SWINGS,YO-YO,TEETER-TOTTER,BLUES
1760,468,NATIONAL,TALK,SLIP,LATIN
1761,468,JARGON,STEAL,BUDGET,TIPTOE
1762,468,WHISPERS,ENVIRON,PLEAD,ENTERPRISE
1763,468,CREEP,SPECULATION,THRIFTY,RUMBLING
1764,469,SLICE,SNEAK,TIRE,SUPPORT
1765,469,BAGEL,SLIP,LOAF,WHIFF
1766,469,BLESSING,WADE,LIFESAVER,CONSENT
1767,469,WREATH,HOOK,APPROVAL,SHANK
1768,470,STEAMING,POKER,AIR,BAKING
1769,470,LAUNDRY,RANKING,BOILING,STATION
1770,470,HEATING,ORIGAMI,POSITION,FUMING
1771,470,STANDING,VENTILATION,LIVID,CONDITIONING
1772,471,SAKE,SAVE,PEPSI,MOCHI
1773,471,CURRY,FETA,BIRD,BIOTA
1774,471,LIKE,MAGIC,ADVANTAGE,KOBE
1775,471,FAVORITE,INTEREST,BOOKMARK,BENEFIT
1776,472,KICK,THUNDER,BRUSH,HEAT
1777,472,GEL,SET,MAGIC,FIRE
1778,472,CLIPPERS,ROAR,CAPE,TAROT
1779,472,BOOM,SPICE,BASEBALL,CRASH
1780,473,PLAYER,GAMBLE,BROWN,YOUNG
1781,473,COUNT,SMITH,NOBLE,DUKE
1782,473,UPRIGHT,CONSIDER,GRAND,JUDGE
1783,473,ELECTRONIC,REGARD,HOWARD,JOHNSON
1784,474,CLOWN,DWELL,TURKEY,SEA
1785,474,WONDER,SAP,DWINDLE,STAY
1786,474,DECLINE,DWEEB,EBB,LIVE
1787,474,SIN,INHABIT,DWARF,DROP
1788,475,RECORD,STORE,WEIRD,REACTION
1789,475,STAMP,STATION,LETTER,COMIC
1790,475,FUNNY,MAIL,COIN,POST
1791,475,OFF,POSITION,CURIOUS,JOB
1792,476,CHARCOAL,HAMMER,GOLF BAG,GRILL
1793,476,TOOLBOX,RAVEN,LIMOUSINE,JET
1794,476,BROWN,DRUM,SABLE,CHAR
1795,476,ANVIL,MOVIE SET,SEAR,CANAL
1796,477,GOLD,CUBE,TEMPLE,FENCE
1797,477,MACHINE,BOX,SEQUIN,CREAM
1798,477,DIAMOND,LIGHTHOUSE,ROW,PYRAMID
1799,477,DIVE,STORM,GLITTER,GARDENS
1800,478,GREEK,CHEF,CROWN,SPORTS
1801,478,MONTICELLO,RINGS,GARDEN,EAGLE
1802,478,BUSINESS,ROOTS,TORCH,WEDGE
1803,478,BARK,ARTS,SHIELD,COMICS
1804,479,CATER,BOWL,THROW,STAR
1805,479,CARET,TRACE,CRATE,HASH
1806,479,SHRED,BED,BRACE,TOUCH
1807,479,PLAN,HINT,COLLAR,HOST
1808,480,TOO,REAL,FORE,SPARE
1809,480,WON,ARROW,EXTRA,POUND
1810,480,KNUCKLE,EXCUSE,OVER,BLOCK
1811,480,SAVE,BEYOND,PARDON,YEN
1812,481,FROST,BEACH,PUMP,POPE
1813,481,RACE,BISHOP,PET SHOP,POUND
1814,481,HARDY,BEAT,PRIOR,BAKE
1815,481,THROB,BAD,PREHEAT,PASTOR
1816,482,SKI,PANT,PRUNE,JUICE
1817,482,PUNCH,POT,MILK,SMITE
1818,482,SOCK,BLOUSE,EARBUD,WATER
1819,482,STICK,SODA,FERTILIZE,BOOKEND
1820,483,CATALOG,EPISODE,LETTER,COIL
1821,483,COUNT,SEASON,MATTER,NUMBER
1822,483,BOUNCE,BILL,GEYSER,AFFAIR
1823,483,TOTAL,EVENT,CARD,AMOUNT
1824,484,DINOSAUR,PEARL,EGGPLANT,MINT
1825,484,LAVENDER,AMBER,NUGGET,PILE
1826,484,TIDBIT,AMETHYST,FORTUNE,MOSQUITO
1827,484,BUNDLE,PALEONTOLOGIST,GRIMACE,KERNEL
1828,485,STARS,STRIPES,HAND,DELIVER
1829,485,SORTS,DECK OF CARDS,THUMBS,MONARCHY
1830,485,PASS,TYPES,NHL,A-F
1831,485,PERCENTAGE,CHECKERS,GIVE,KINDS
1832,486,TANK,GLOVE,SCALE,TEE
1833,486,COACH,ROCKS,POLO,CROP
1834,486,FILTER,BALL,ROTATE,MUSTANG
1835,486,GODIVA,FLIP,PUMP,DRIVER
1836,487,COACH,FLUSH,NONSTOP,FLIGHT
1837,487,SOLID,PLATTER,FULL HOUSE,GLOW
1838,487,BURN,STRAIGHT,SAMPLER,BLOSSOM
1839,487,COMMUNITY,TASTING,CONSECUTIVE,BLUSH
1840,488,DROOP,DEMO,STOOP,GOOF
1841,488,BLOOPER,SNOOP,DOPE,SCOOP
1842,488,DECK,DISH,HIGHLIGHT,LAD
1843,488,SIZZLE,YARD,INFO,PORCH
1844,489,BEETLE,JUICE,ENERGY,LEVEL
1845,489,COW,PEP,FOCUS,BEANS
1846,489,ZIP,JACK,LIFE,TENET
1847,489,GIANT,VOLT,CIVIC,REFER
1848,491,CACTUS,BOTTLE,MUSHROOM,CHEESE
1849,491,SUPREME,GRADUATE,HEDGEHOG,PINEAPPLE
1850,491,CORN,SALARY,PAP,PRINCIPAL
1851,491,CHIEF,MACE,PREMIER,MUSH
1852,492,PUMP,SPEAKER,FIRE,MATTE
1853,492,MIC,CHAIR,FLAT,AMP
1854,492,WHIP,DUG,HYPE,SLIDE
1855,492,PEAT,PSYCH,MULE,LEADER
1856,493,BASH,BAG,COLOR,SACK
1857,493,RECEPTION,BLOWOUT,LAND,PAN
1858,493,CUT,BLAST,YARD,SCORE
1859,493,SLAM,SNAG,TRIM,ATTEMPT
1860,494,LION,SWITCH,RETRO,BURGER
1861,494,VINTAGE,SUB,PROM,SLIDER
1862,494,SUPER,GRAPE,BUTTON,CALIFORNIA
1863,494,REGION,KNOB,PRO,WINERY
1864,495,CAT,PERSON,SOLO,HAWK
1865,495,CHEWIE,FIGURE,INDIVIDUAL,CORNER
1866,495,CHARACTER,BOBA,IMAGINE,PARTY
1867,495,SUSPECT,EMPEROR,LITTER,THINK
1868,496,IMPORT,THING,GRAVITY,START
1869,496,BANK,TRADE,MATRIX,DUNE
1870,496,WEIGHT,ABYSS,DRAFT,MOUND
1871,496,HILL,BENCH,FLY,SUBSTANCE
1872,497,CHIP,BED,ROUGH,PATCH
1873,497,ROCKY,STITCH,PARALLEL,UNEVEN
1874,497,RUGGED,SOUTH,AMUSEMENT,PLOT
1875,497,NATIONAL,PARCEL,SCRATCHY,BUMPY
1876,498,PASTEL,POOL,SUNTAN,SCULPTURE
1877,498,PRINT,THIRD,NEUTRAL,DRAWING
1878,498,NEW,ALLOY,OPEN,NEON
1879,498,LOTTERY,SAVE,GRAYSCALE,RAFFLE
1880,499,CHAMPAGNE,SUPER,NOVA,REUNION
1881,499,BIRTHDAY,NATURE,NICE,COCKTAIL
1882,499,ANGERS,EXTRA,SURPRISE,MASTERPIECE
1883,499,HYPER,FRONTLINE,OVER,DINNER
1884,500,REAL,MEDIUM,IMPRESSIVE,EXCLUSIVE
1885,500,NICE,RARE,AWFUL,MYSTIC
1886,500,WAY,WELL DONE,BLOODY,LIMITED
1887,500,ORACLE,PROPS,COLLECTIBLE,PSYCHIC
1888,501,BALLOON,BOOK,MODEL,BANNER
1889,501,NOVEL,AMBASSADOR,CONFETTI,STREAMER
1890,501,SECURE,CREATIVE,RESERVE,FRESH
1891,501,ORIGINAL,GARLAND,INFLUENCER,CHARTER
1892,502,HAT TRICK,HOME RUN,BROIL,PAINT
1893,502,SOAP BOX,TRIPLE CROWN,DROP CLOTH,WINGS
1894,502,ROLLER,KENTUCKY,SPROUTS,TRIFECTA
1895,502,DEMOLITION,TAPE,THREEPEAT,CHEESESTEAK
1896,503,SWELL,FRILL,BIKINI,WAX
1897,503,TRIM,CHEESE,NEAT,BORDER
1898,503,GROW,DRY,BEAN,VIRGIN
1899,503,THEORY,STRAIGHT,FRINGE,MOUNT
1900,504,QUALITY,BIRTH,HOUSE,PLANT
1901,504,REMOTE,LODGE,HYBRID,COMPOUND
1902,504,CROSS,CRUISE,STICK,HOTEL
1903,504,TOKEN,BLEND,WEDGE,DEED
1904,505,JEANS,JACKET,RAIN,HAZE
1905,505,GOBLIN,JAY,BERET,CAB
1906,505,MOON,PAGES,HEART,THUMB
1907,505,PROSE,SALAD,WHALE,JOURNALISM
1908,506,QUICK,LATHER,CURRENT,CONDITION
1909,506,RAPID,RINSE,HEALTH,SWEAT
1910,506,NORMAL,WAVE,FORM,SANITIZE
1911,506,STEW,SHAPE,CASCADE,TIZZY
1912,507,DOROTHY,ROAM,ROSE,STEAM
1913,507,VANILLA,SOPHIA,SHAGGY,BLANCH
1914,507,CHARLIE,BOIL,KETO,MUSK
1915,507,AMBERGRIS,WALLACE,SOUL,POACH
1916,508,PLAY,JUSTICE,THROW,ENERGY
1917,508,HONOR,PASS,KEEP,SHAM
1918,508,DISCARD,SHEET,STATE,FULFILL
1919,508,BLANKET,LABOR,UPHOLD,DRAW
1920,509,DROP,DASH,DAISY,DREAM
1921,509,DING,DOC,DINNER,DAB
1922,509,DALE,DUE,DIMPLE,DELIVERY
1923,509,DENT,DOLLOP,DORY,DIVOT
1924,510,JOKER,DICE,CHANCE,CASINO
1925,510,OCTOPUS,SLOT MACHINE,CUBE,GAMBLE
1926,510,SLICE,BET,SHIVA,JULIENNE
1927,510,HEAT,VENUS DE MILO,RISK,TAXI DRIVER
1928,511,HIP,TEA,BIG,BAD
1929,511,EYE,FLY,SEW,SAW
1930,511,ILL,FAR,ELF,LEG
1931,511,HER,RAD,ARM,DOE
1932,512,KING KONG,WHOOP,BEEP BEEP,YAHOO
1933,512,DING-DONG,HAR-HAR,KOKO,HOOT
1934,512,SKRRT,BUBBLES,DODO,PURR
1935,512,YUK,YO-YO,VROOM,GEORGE
1936,513,SHED,CREAM,RETREAT,ABOUT
1937,513,COTTAGE,LOGIN,HOME,SCRATCH
1938,513,KNEAD,GOAT,LEAVE,STRING
1939,513,FLEE,PURR,CONTACT,WITHDRAW
1940,514,CANE,BLOCK,ACCIDENTAL,SPIDER
1941,514,BAR,STAFF,APPLE,NOTE
1942,514,BAT,BAN,PUMPKIN,CORN
1943,514,FORBID,WITCH,REST,DENY
1944,515,SPIN,JACKKNIFE,BUBBLES,PROGRESS
1945,515,BUTTERCUP,FIZZ,BLOSSOM,PITCHFORK
1946,515,MOJO,MATURE,FOAM,BOILERPLATE
1947,515,WITHERSPOON,BILLBOARD,DEVELOP,FROTH
1948,516,JACUZZI,BIKINI,HANGER,X-RAY
1949,516,Q-TIP,TOOTHBRUSH,G-STRING,CHAPSTICK
1950,516,T-BONE,XEROX,HIPSTER,SKIRT
1951,516,DRILL,FILET,SINK,THONG
1952,517,PONY,ROLL,COMB,BOOK
1953,517,ROOT,TREE,CLAP,TABLE
1954,517,BUN,SALAD,DIG,RUMBLE
1955,517,SIFT,TWIST,PEAL,BRAID
1956,518,PEACE,PEBBLE,LATER,SCISSORS
1957,518,ROUND,CHEERIO,BYE,FLAKE
1958,518,NEXT,BRACKET,SOON,SEED
1959,518,VICTORY,PUFF,TWO,EVENTUALLY
1960,519,DRIVE,PENNYWISE,SAFETY,NICKELODEON
1961,519,QUARTERBACK,HISTORY,DIMENSIONAL,HOMEY
1962,519,DEFENSE,GUARD,JOKER,DISCOVERY
1963,519,OXYGEN,DEMOCRAT,CENTER,RONALD
1964,520,NERVE,SPLASH,EXTRA,RELISH
1965,520,GRAVY,TREASURE,SAUCE,DIP
1966,520,DIVE,BONUS,VALUE,BRASS
1967,520,FROSTING,CHEEK,SWIM,SAVOR
1968,521,GOO,COO,APP,WRAP
1969,521,SWALLOW,MOTOR,HONK,BEAR
1970,521,GOBBLE,SCARF,STAND,SAM
1971,521,STOLE,TAKE,HOOT,SHAWL
1972,522,CARGO,BOULDER,CLAW,HAMMER
1973,522,ANVIL,HORN,CALIFORNIA,COYOTE
1974,522,EGG,STIRRUP,DRUM,TNT
1975,522,CAPRI,HOOF,HONOR,NAIL
1976,523,BAT,EGG,LOVE,WITCH
1977,523,PUMPKIN,SPIDER,BLINK,JOB
1978,523,DIABLO,FLUTTER,TREASURE,VIPER
1979,523,SCAVENGER,MUSTANG,WINK,DARLING
1980,524,FLOP,CHARGE,PLASTIC,TURN
1981,524,TIME,RIVER,CHANCE,CARD
1982,524,MISS,PRIME,BUST,SHOT
1983,524,RAINFOREST,CREDIT,DUD,KINDLE
1984,525,PARK,CAR,HARVARD,YARD
1985,525,ADDRESS,GREEN,JAW,LEMON
1986,525,NATURAL,CRIMINAL,FIELD,SWINGER
1987,525,HANDLE,GOODFELLA,ANSWER,LAWN
1988,526,ADIEU,FORTUNE TELLER,SLATE,CRANE
1989,526,AUDIO,TEMPS,AIRPLANE,GAMES
1990,526,PROGRAM,NEWS,FAN,PAIN
1991,526,COOKING,SCHEDULE,BELLE,BILL
1992,527,PROVOKE,SOAP,NETTLE,CANDLE
1993,527,INSULT,INCENSE,INSPIRE,MADDEN
1994,527,JELLYFISH,CIVILIZATION,PROMPT,LOTION
1995,527,HALO,GENERATE,WASP,METROID
1996,528,PADDLE,SEW,ROW,STORY
1997,528,OAR,FORE,COLUMN,RACKET
1998,528,NET,BUTT,FEATURE,BALL
1999,528,CLATTER,TABLE,RUCKUS,ARTICLE
2000,529,DESIGNER,ENGINEER,HATCH,TAG
2001,529,GALILEO,MARCO POLO,MASTERMIND,VIKING
2002,529,BINGO,PIONEER,LUXURY,CONCOCT
2003,529,HAUTE,VOYAGER,UNO,HIGH-END
2004,530,WHIRL,DRAW,NAVY,LIVER
2005,530,CAR,KIDNEY,HOOK,DRIVE
2006,530,PINTO,PULL,NEUTRAL,DEAD
2007,530,LOW,MUNG,GRAB,REVERSE
2008,531,FORMAL,COOKWARE,QUESTION MARK,RAVE
2009,531,PERIOD,THUMBS UP,BALL,DOT
2010,531,BAD REVIEW,HOP,EXCLAMATION POINTS,SATYR
2011,531,POINT,CAMERA MOVEMENT,HEART,TITTLE
2012,532,TIMES,NEW,ROMAN,TOWN
2013,532,POCKET,EAR,FRIEND,FELLOW
2014,532,ATTENDING,ORIGINAL,PERFECT,RESIDENT
2015,532,MINT,COUNTRYMAN,INTERN,UNUSED
2016,533,DRAG,DRAFT,DOODLE,DOMINO
2017,533,BALL,BUTTERFLY,CURL,CRAWL
2018,533,PUFF,INCH,HALO,BOTTLE
2019,533,TAP,PLACEBO,CAN,CREEP
2020,534,FRESH,PRINCE,BEL,AIR
2021,534,QUALITY,BAR,CUTE,MERMAID
2022,534,LUX,WISE,TRAMP,MOOD
2023,534,FEELING,SMART,MOLE,RASCALS
2024,535,SWING,THROW,ROCKER,ROLLER
2025,535,RATTLE,THREAD,CRADLE,SPOOL
2026,535,CAN,RUFFLE,CHAT,HAMMOCK
2027,535,CONVERSATION,SILO,CHAIN,FAZE
2028,536,IDEA,BOOM,PACKING,DOLLY
2029,536,SKATEBOARD,GAFFER,WAGON,BEST BOY
2030,536,DUCT,SPIKE,ELECTRICAL,STABLES
2031,536,RISE,ROLLERBLADE,KRONER,SURGE
2032,537,SPELL,LOVE,PLEASE,HOLD
2033,537,PRESTO,MEAN,THANK YOU,SHAZAM
2034,537,AUDIBLE,ABRACADABRA,SIGNIFY,TIDAL
2035,537,SUGGEST,HAVE,PANDORA,CHERISH
2036,538,STREET,SENSE,MOVING,MONEY
2037,538,TENDER,FEELING,HEARING,LISTENING
2038,538,PROCEEDING,TOUCHING,CHAIR,INQUIRY
2039,538,SWEET,HUNCH,TRIAL,IMPRESSION
2040,539,SHELL,VANITY,OUTFIT,ID
2041,539,WARDROBE,CANT,CONSOLE,EGO
2042,539,STOCK,CHARACTER,BEING,CHEST
2043,539,SELF,PROVISION,WERE,FURNISH
2044,540,STOP,POEM,DIFFERENT,MESSAGE
2045,540,NEW,NOVEL,YARDSTICK,FURNITURE
2046,540,PLAY,TEXT,BIPED,RECORD
2047,540,CORRESPOND,ORIGINAL,PAUSE,WRITE
2048,541,EGADS,SCRAMBLE,ARTIST,NAME
2049,541,SALAD,YEAR,YOGA,CHARACTER
2050,541,MEDIUM,DIAL,IMAGE,STEW
2051,541,MONTE,REPUTATION,HASH,TITLE
2052,542,BOARD,DROP,PLANK,SINK
2053,542,RANGE,PANEL,STUD,BOAT
2054,542,CHANDELIER,COUNTER,CABINET,CRUNCH
2055,542,COUNCIL,MOUNTAIN CLIMBER,FRIDGE,HOOP
2056,543,BLUE,CHEESE,SPICY,MUSTARD
2057,543,SWEET,CAPER,DILL,DECK
2058,543,EXPLOIT,SOUR,ADULT,ANTIC
2059,543,SUGGESTIVE,STUNT,KOSHER,CORD
2060,544,CATERPILLAR,CLAM,MUSHROOM,KINGDOM
2061,544,TURTLE,PEACH,EGG,PIPE CLEANER
2062,544,PRINCESS,MARKER,DONKEY,CARPET
2063,544,NUT,DRAGON,FLEECE,OGRE
2064,546,THRONE,SHRED,GNARLY,POWDER
2065,546,RADICAL,BATH,LICK,POWER
2066,546,TWISTED,ROOT,REST,BENT
2067,546,TRACE,WARPED,EXPONENT,OUNCE