Game ID,word1,word2,word3,word4
243,BROTHER,LORD,SHEESH,PLEASE
293,MOVE,FASTER,GO,HURRY
262,NEON,MULLET,HEADBAND,SPANDEX
136,LADY,DRUMMER,RING,SWAN
31,CONE,PYRAMID,CUBE,SPHERE
320,ROD,PLUS,LIST,OK
437,FACILITY,GIFT,FLAIR,KNACK
180,PURE,UTTER,SHEER,TOTAL
480,SPARE,EXCUSE,SAVE,PARDON
191,WATCH,TIE,BRACELET,BELT
353,LEAD,HARNESS,HALTER,COLLAR
132,SPAM,RADAR,LASER,SCUBA
355,MIA,OMG,PIN,RAM
364,CARPENTER,WOO,BAY,SCOTT
508,PLAY,PASS,DISCARD,DRAW
496,START,TRADE,DRAFT,BENCH
470,POKER,BAKING,LAUNDRY,ORIGAMI
51,DRIVER,SCOTT,WEST,ANT
86,EXTRA,ICING,BONUS,PERK
520,EXTRA,GRAVY,BONUS,FROSTING
219,PRETTY,RATHER,REAL,AWFUL
324,DARK,COLD,DANK,MUSTY
375,WAXY,LIT,WICKED,SCENTED
410,LIQUID,FIXED,TOXIC,FROZEN
434,PRESENT,POSSESSIVE,DIRECT,IRREGULAR
365,SIGN,BANNER,POSTER,BILLBOARD
365,ENDORSE,CHAMPION,SUPPORT,BACK
432,BACK,SUPPORT,CHAMPION,ENDORSE
356,LOADED,FLUSH,RICH,WEALTHY
374,VOTE,CHOICE,SAY,VOICE
167,NUMBER,VOLUME,AMOUNT,QUANTITY
280,BUSINESS,COACH,PREMIUM,FIRST
13,FRONTIER,SPIRIT,VIRGIN,UNITED
99,FRONTIER,ALASKA,SPIRIT,SOUTHWEST
436,SOUR,STOUT,AMBER,PORTER
546,RADICAL,POWER,ROOT,EXPONENT
285,OUT,EXCUSE,DEFENSE,REASON
451,CHAMP,BEST,GOAT,LEGEND
216,GREAT,LEGEND,ICON,HERO
318,SHARE,STAKE,INTEREST,PERCENTAGE
67,FUDGE,DOCTOR,TWIST,DISTORT
91,JAGUAR,TOUCAN,ANACONDA,CAPYBARA
524,RIVER,PRIME,RAINFOREST,KINDLE
534,AIR,QUALITY,MOOD,FEELING
375,FLEXIBLE,EASY,OPEN,RECEPTIVE
83,SNAP,SACK,FUMBLE,PUNT
218,TACKLE,END,CENTER,SAFETY
82,POUND,BISHOP,FROST,OLDS
44,SLATE,TESLA,STALE,LEAST
94,NOPE,OPEN,PEON,PONE
375,EVIL,VILE,LIVE,VEIL
379,PLEATS,PASTEL,STAPLE,PETALS
541,EGADS,YOGA,DIAL,MONTE
329,SNOW,NOISE,FUZZ,STATIC
430,WAX,CLAY,PAPYRUS,PARCHMENT
113,SHELL,DOWN,SCALES,FUR
12,SCHOOL,PACK,FLOCK,POD
53,PRIDE,SWARM,COLONY,HERD
423,PACK,SCHOOL,PRIDE,SWARM
135,SCHOOL,PRIDE,COLONY,HERD
131,HIVE,DEN,LAIR,NEST
194,HAIR,WAIL,DEAR,HOARSE
399,BARE,NEW,MOUSSE,DEAR
22,TRUNK,MUZZLE,SNOUT,BEAK
93,BUZZ,MEOW,OINK,CLUCK
268,TANG,FLOW,DRIB,REED
79,FOX,LYNX,ORYX,IBEX
357,CATFISH,BULLDOG,HORSEFLY,TURTLEDOVE
25,ELEPHANT,NARWHAL,HIPPO,WARTHOG
19,GARLIC,MIRROR,STAKE,CRUCIFIX
53,GOV,CHEM,BIO,STATS
209,TOP,MAX,PEAK,HEIGHT
48,SPECTER,SPIRIT,GHOST,PHANTOM
139,LOOK,STYLE,DRESS,MANNER
81,FRY,WING,NACHO,POPPER
290,SQUASH,PRESS,CRUSH,MASH
486,TANK,ROCKS,FILTER,PUMP
58,TICK,SCORPION,MITE,SPIDER
248,BOW,TARGET,ARROW,QUIVER
496,BANK,DUNE,MOUND,HILL
164,PASS,RAVINE,CANYON,GULCH
282,MAJOR,DEGREE,CONCENTRATION,MINOR
29,ADD,DIVIDE,SUBTRACT,MULTIPLY
401,MAJOR,PRIVATE,CAPTAIN,GENERAL
199,PAINT,PASTEL,INK,CHARCOAL
117,DECO,DADA,POP,GOTHIC
261,ROMANTIC,EXPRESSION,SURREAL,MANNER
475,STATION,POST,POSITION,JOB
438,FISH,JUSTICE,SOLFEGE,LIBRA
77,INFANT,PUB,SWIMMING,TICKER
415,CHOCOLATE,SOAP,PIGEON,PEACE
286,SOLITAIRE,CYCLOPS,UNICYCLE,MONOLOGUE
275,TOE,CIGARETTE,PENCIL,TICKET
359,ICE,LOCK,SECURE,CINCH
176,LOCK,SECURE,CLINCH,GUARANTEE
518,LATER,NEXT,SOON,EVENTUALLY
320,GLUE,STICK,PASTE,ADHERE
530,DRAW,HOOK,PULL,GRAB
191,DRAW,CHARM,PULL,APPEAL
83,BARE,NUDE,NAKED,UNCLAD
537,SHAZAM,AUDIBLE,TIDAL,PANDORA
313,SUPER,UBER,HYPER,ULTRA
61,BARBIE,BUSH,MATE,CRIKEY
530,DRIVE,NEUTRAL,LOW,REVERSE
85,PARK,NEUTRAL,DRIVE,REVERSE
190,BROADWAY,PARK,FIFTH,MADISON
172,ESCAPE,DUCK,SKIRT,DODGE
18,CUP,RIBBON,MEDAL,TROPHY
382,SCHOOL,MOVIE,BALL,VITAMIN
205,BREAD,TOMATO,BACON,LETTUCE
7,CUB,JOEY,CALF,KID
427,CALF,KIT,FAWN,CUB
225,TALK,SHOWER,CARROT,BOOM
467,TEETH,STEPS,BOOMER,BLUES
414,LIP,SASS,CHEEK,ATTITUDE
284,CAN,BOOTY,REAR,BUM
469,SLICE,WHIFF,HOOK,SHANK
251,FREEZE,ECHO,DROP,LAG
171,DOG,SNAKE,HEEL,JERK
38,ONION,PLAIN,POPPY,EVERYTHING
83,BUN,MUFFIN,DANISH,TURNOVER
158,BULL,ROT,NONSENSE,HOGWASH
316,HOGWASH,BUNK,HORSEFEATHERS,CROCK
45,DAY,STRIPES,FLOYD,SABBATH
24,SUM,MAROON,U,BLINK
329,RAM,BUMP,BUTT,KNOCK
367,DEAL,BUY,STEAL,VALUE
90,OUT,BALL,SAFE,STRIKE
231,GLOVE,BAT,BASE,BALL
205,WALK,HIT,DOUBLE,RUN
432,DOWN,RIGHT,UP,LEFT
156,HAPPINESS,FEAR,ANGER,SURPRISE
197,LINE,POINT,RAY,SEGMENT
261,SOUR,BITTER,SWEET,SALTY
249,SQUARE,CIRCLE,DIAMOND,TRIANGLE
387,FLOATER,THREE,DUNK,LAYUP
441,RUN,WORK,FUNCTION,OPERATE
170,BAG,COUNTER,DIP,SPROUT
124,LIMA,PINTO,KIDNEY,FAVA
250,CLAW,HUG,FRUIT,WITNESS
291,DISCOVER,LEARN,FIND,REALIZE
313,BALLOON,SWELL,SNOWBALL,MUSHROOM
508,THROW,SHAM,SHEET,BLANKET
14,CANOPY,MURPHY,BUNK,TRUNDLE
194,COMB,WAX,HONEY,HIVE
358,PONG,GARDEN,BATTER,CAN
453,BUD,SIERRA,NATTY,STELLA
314,WEDDING,FRIAR,SUNDRY,MONKEY
447,OOZE,LLAMA,EERIE,AARDVARK
390,TAILGATE,RUMPELSTILTSKIN,BUMPER-TO-BUMPER,BUTTERMILK
471,SAKE,ADVANTAGE,INTEREST,BENEFIT
461,TAN,FAWN,BUFF,CREAM
269,DANCE,FLOP,BUTTON,LAUGH
98,SWANK,STONE,FOSTER,BERRY
20,STONE,BONG,FORD,LEE
482,JUICE,PUNCH,MILK,SODA
121,JOB,ACTS,MARK,KINGS
37,SPOKE,CHAIN,SADDLE,BRAKE
73,GEAR,HANDLEBAR,WHEEL,PEDAL
367,CHALK,RACK,BALL,CUE
407,CELL,PROTEIN,ATOM,MOLECULE
47,FOREST,DESERT,TUNDRA,GRASSLAND
441,MILK,BLONDE,JOBS,VICE
141,TALON,WING,FEATHER,BEAK
521,COO,HONK,GOBBLE,HOOT
15,TWEET,CAW,CHIRP,CLUCK
10,TURKEY,JAY,CRANE,SWALLOW
200,SWIFT,CARDINAL,LARK,JAY
276,HAW,LOO,CONDO,HERO
419,TRICK,POINTER,TIP,SUGGESTION
518,PEBBLE,CHEERIO,FLAKE,PUFF
448,RUSH,KICK,HIGH,THRILL
245,LOCK,CURL,TRESS,RINGLET
323,STORY,FEATURE,REPORT,ARTICLE
497,BED,PATCH,PLOT,PARCEL
360,MEASURE,ACT,BILL,RESOLUTION
247,DROP,TEAR,BEAD,GLOB
215,CHARM,SPELL,CURSE,HEX
528,STORY,COLUMN,FEATURE,ARTICLE
501,BALLOON,BANNER,CONFETTI,GARLAND
314,DRILL,ROUTINE,EXERCISE,PRACTICE
156,PRESTO,VOILA,BEHOLD,TADA
129,PUFF,DRAFT,BREEZE,GUST
398,NAIL,WASHER,SCREW,NUT
484,PEARL,NUGGET,TIDBIT,KERNEL
202,PANDA,ORCA,SKUNK,ZEBRA
168,PULSE,GRIND,CHOP,PUREE
141,HEARTBEAT,FLASH,SECOND,WINK
378,SMASH,SUCCESS,HIT,SENSATION
505,JEANS,JAY,MOON,WHALE
450,BOO-BOO,GOOF,FLUB,GAFFE
8,CHESS,GO,CHECKERS,BACKGAMMON
32,TROUBLE,SORRY,CLUE,RISK
76,TROUBLE,RISK,SORRY,TABOO
33,TUG,JUNK,FERRY,YACHT
255,DORY,BARGE,SCOW,SLOOP
167,CHANNEL,SOUND,STRAIT,CANAL
511,HIP,EYE,LEG,ARM
366,KNEES,SHOULDERS,HEAD,TOES
297,SHINY,ARMY,LIVERY,COLONY
159,DIPS,PLANKS,LUNGES,SQUATS
182,STONES,NERVE,GUTS,GALL
192,INDEX,APPENDIX,CHAPTER,PREFACE
239,FLORIST,BAND,CATERER,OFFICIANT
177,POETRY,HUMOR,FICTION,TRAVEL
439,ROMANCE,TRAVEL,FICTION,HUMOR
41,FIJI,VOSS,DASANI,EVIAN
96,COW,GOAT,BUFFALO,SHEEP
101,BALL,PIN,ALLEY,LANE
277,WINNER,HIT,SUCCESS,SMASH
249,BOB,HOOK,CROSS,WEAVE
420,MATCH,ROUND,CONTEST,BOUT
132,HOOK,WIRE,CUP,STRAP
529,DESIGNER,LUXURY,HAUTE,HIGH-END
516,JACUZZI,Q-TIP,CHAPSTICK,XEROX
520,NERVE,SAUCE,BRASS,CHEEK
459,BUN,MUSTARD,SAUERKRAUT,BRAT
300,SCOPE,REACH,RANGE,EXTENT
453,RANGE,REACH,SCOPE,EXTENT
66,PANCAKE,CEREAL,OMELET,WAFFLE
304,PUFFS,PANTS,GASPS,HUFFS
106,TRAIN,RING,BOUQUET,VEIL
190,JIFFY,SECOND,FLASH,WINK
308,FLASH,WINK,HEARTBEAT,JIFF
527,PROVOKE,INSPIRE,PROMPT,GENERATE
228,DEVISE,COIN,CREATE,INVENT
294,REAR,FOSTER,NURSE,RAISE
133,SCONE,TRIFLE,MASH,ROAST
254,OASIS,BLUR,PULP,SUEDE
253,RUN,AIR,SCREEN,SHOW
150,TOWEL,UMBRELLA,FLIP-FLOP,SUNSCREEN
482,PANT,SMITE,BLOUSE,STICK
515,PROGRESS,BLOSSOM,MATURE,DEVELOP
461,FAN,BOA,CORSET,GLOVES
125,TAIL,SEAT,BUNS,BOTTOM
383,SPAN,CLEF,SECTION,SUITE
508,JUSTICE,ENERGY,STATE,LABOR
179,BET,USA,E,HALLMARK
519,NICKELODEON,HISTORY,DISCOVERY,OXYGEN
288,OLYMPUS,FUJIFILM,HASSELBLAD,POLAROID
378,BUTTON,SHIRT,HAT,STICKER
57,KISS,DOT,WHOPPER,GOOBER
455,NERD,RUNT,KISS,WHOPPER
108,GUM,CHOCOLATE,LICORICE,LOLLIPOP
514,CANE,BAR,APPLE,CORN
507,ROAM,SOPHIA,KETO,SOUL
255,NEMO,AMERICA,HOOK,MORGAN
166,MINI,RAM,JAGUAR,FIAT
154,BMW,SUBARU,JAGUAR,HONDA
360,AURA,HODA,DOGE,BUCK
489,BEETLE,FOCUS,VOLT,CIVIC
468,NATIONAL,BUDGET,ENTERPRISE,THRIFTY
366,WHEELS,RIDE,WHIP,AUTO
248,BRIDGE,SPIT,GIN,WAR
482,PRUNE,POT,WATER,FERTILIZE
431,LEVEL,SAW,FILE,CLAMP
169,HUM,SING,WHISTLE,SCAT
298,BEAR,HARBOR,MAINTAIN,HOLD
54,TOM,SYLVESTER,GARFIELD,FELIX
488,DROOP,GOOF,SNOOP,LAD
192,ITCHY,PINKY,SPEEDY,JERRY
340,SHED,DITCH,LOSE,DROP
443,TUXEDO,TORTOISESHELL,CALICO,TABBY
328,SUN,TAN,BAKE,BASK
133,JAM,BANGER,GROOVE,BOP
284,CRADLE,MEOW,PAJAMAS,EYE
119,BIRTHDAY,WEDDING,ANNIVERSARY,SHOWER
59,MOON,COMET,PLANET,ASTEROID
134,RING,FOCUS,VIBRATE,SILENT
41,POP,SAM,TONY,LUCKY
475,STORE,REACTION,LETTER,MAIL
498,POOL,DRAWING,LOTTERY,RAFFLE
411,MELT,CONDENSE,FREEZE,VAPORIZE
412,BOND,Q,M,MONEYPENNY
495,SOLO,CHEWIE,BOBA,EMPEROR
507,DOROTHY,SHAGGY,CHARLIE,WALLACE
289,YAK,JAW,YAP,GAB
271,BLUE,AMERICAN,SWISS,JACK
533,DOODLE,BALL,CURL,PUFF
219,BASE,BOND,SOLUTION,ELEMENT
520,RELISH,TREASURE,VALUE,SAVOR
97,GAMBIT,QUEEN,MATE,BISHOP
472,KICK,HEAT,FIRE,SPICE
87,HORSE,DRAGON,RABBIT,TIGER
36,MARS,CHUNKY,CRUNCH,MOUNDS
347,PICK,CREAM,TOP,BEST
115,STOCKING,SNOWMAN,REINDEER,MISTLETOE
416,REGISTER,LOG,RECORD,JOURNAL
537,LOVE,HOLD,HAVE,CHERISH
162,MINT,TOMATO,MANGO,TAMARIND
353,BRASS,CHEEK,NERVE,GALL
174,HOOP,RING,BAND,CIRCLE
119,BATH,SANDWICH,DERBY,READING
124,LIMERICK,LINCOLN,LAGOS,LUXOR
243,DELI,NIECE,SOUL,ROAM
500,MEDIUM,MYSTIC,ORACLE,PSYCHIC
56,BREAKOUT,ASTEROIDS,PONG,FROGGER
472,BRUSH,GEL,CLIPPERS,CAPE
458,FIZZ,SLING,PUNCH,SOUR
475,RECORD,STAMP,COMIC,COIN
64,SPOT,LUCKY,FIDO,ROVER
241,SPOT,REX,ROVER,FLUFFY
204,WHEEL,FEUD,PYRAMID,MILLIONAIRE
194,ANGEL,WITCH,CLOWN,PIRATE
393,FLAMINGO,FOUNTAIN,GNOME,PINWHEEL
460,SCREEN,REEL,SPEAKER,PROJECTOR
357,FISHBOWL,WEREWOLF,CATEGORIES,CHARADES
71,RUSH,GENESIS,YES,KANSAS
358,FRUIT,PITCHER,TABLECLOTH,SKULL
364,UNDERWEAR,CAPE,MASK,TIGHTS
248,HEART,ANCHOR,DRAGON,ROSE
55,TOP,BLOCKS,DOLL,YO-YO
65,WATER,EARTH,FIRE,AIR
214,SPONGE,BROOM,RAG,MOP
4,DUST,MOP,SWEEP,VACUUM
349,MUSIC,MED,SANDWICH,SODA
5,MUSTARD,PLUM,GREEN,SCARLET
524,FLOP,MISS,BUST,DUD
46,HURRICANE,MANHATTAN,COSMOPOLITAN,SCREWDRIVER
355,MAMA,MULE,SLING,LIBRE
112,STRAW,CUP,LID,STIRRER
16,ESPRESSO,LATTE,AMERICANO,CAPPUCCINO
272,FELLOW,PEER,ASSOCIATE,PARTNER
310,SERIES,BATTERY,SET,ARRAY
324,KITTY,POT,POOL,FUND
217,READ,BLEW,ROWS,CHORAL
498,PASTEL,NEUTRAL,NEON,GRAYSCALE
15,BROWN,PINK,VIOLET,TURQUOISE
223,GREEN,BLUE,WHITE,YELLOW
241,INK,OLD,LACK,RANGE
266,CLUE,FROWN,PREEN,MELLOW
418,SOUND,LOOK,APPEAR,SEEM
187,LAND,PERCH,SETTLE,ROOST
191,SKETCH,ROUTINE,BIT,JOKE
242,SET,ACT,ROUTINE,BIT
258,CROC,MOCCASIN,SLIPPER,LOAFER
241,AGENCY,FIRM,COMPANY,ENTERPRISE
507,ROSE,VANILLA,MUSK,AMBERGRIS
154,AUTO,POST,SUB,SEMI
101,MUG,TEE,PEN,TOTE
540,MESSAGE,TEXT,CORRESPOND,WRITE
380,SHARES,OPTIONS,EQUITY,STOCKS
377,COMPLEX,BAROQUE,INVOLVED,ELABORATE
335,SPRING,PIN,CYLINDER,TUMBLER
371,JACKET,SLEEVE,INSERT,RECORD
414,TEMPLE,RIM,BRIDGE,LENS
504,HYBRID,COMPOUND,CROSS,BLEND
52,SPEAKER,MOUSE,MONITOR,KEYBOARD
509,DING,DIMPLE,DENT,DIVOT
123,MASK,BLOCK,HIDE,COVER
279,HIDE,BLOCK,OBSCURE,COVER
5,TARTAR,RELISH,KETCHUP,MAYO
122,CAN,MAY,MIGHT,COULD
425,FINE,MINT,FAIR,GOOD
368,PIPE,DRAIN,DUCT,SEWER
380,FOLLOWERS,SHEEP,PUPPETS,LEMMINGS
175,LINK,COUPLE,HITCH,TIE
352,COUPLE,JOIN,TIE,LINK
405,WED,COUPLE,TIE,UNITE
100,LINK,BOND,RELATION,TIE
82,COFFEE,FRICASSEE,BASSOON,BALLOON
494,SWITCH,SLIDER,BUTTON,KNOB
286,CYGNUS,ORION,PEGASUS,GEMINI
431,MAKEUP,STRUCTURE,FABRIC,COMPOSITION
401,DEMAND,MARKET,AUDIENCE,APPETITE
192,BUZZ,RING,CALL,DIAL
348,TAB,CAP,CORK,LID
174,HAMPER,BASKET,CHEST,BIN
487,NONSTOP,SOLID,STRAIGHT,CONSECUTIVE
546,GNARLY,TWISTED,BENT,WARPED
354,DIRECT,PRODUCE,WRITE,ACT
476,GRILL,BROWN,CHAR,SEAR
507,STEAM,BLANCH,BOIL,POACH
69,CROCK,POT,WOK,SKILLET
208,SICK,FIRE,TIGHT,LIT
201,BAD,FLY,FRESH,RAD
511,BAD,FLY,ILL,RAD
377,SUBSTANCE,CRUX,HEART,ESSENCE
371,BODY,CANON,WORKS,OEUVRE
358,DIRTY,BASE,LOW,VILE
251,MIME,SAILOR,REFEREE,PRISONER
95,FAKE,BOGUS,SHAM,PHONY
10,JORDAN,GEORGIA,TOGO,CHAD
37,CUB,CHIN,MALT,TONG
165,TURKEY,POLAND,TUNISIA,JAPAN
458,CAKE,COAT,SMEAR,PLASTER
40,LID,TOP,COVER,CAP
444,RAM,STUFF,PACK,JAM
244,PACK,JAM,STUFF,SQUEEZE
440,BEAR,YIELD,GENERATE,PRODUCE
87,GNOME,TROLL,GOBLIN,OGRE
218,BADGE,PASS,TICKET,INVITE
236,BANANA,SICKLE,MOON,CROISSANT
166,KNOCK,SLAM,PAN,ROAST
285,TRASH,KNOCK,BLAST,SLAM
493,BASH,PAN,BLAST,SLAM
120,CORN,PEPPER,TOMATO,CUCUMBER
148,ICE,BOUILLON,SUGAR,DIE
183,CRAB,CRANK,GRUMP,GROUCH
393,SHAPE,STATE,FORM,CONDITION
356,DICE,CUBE,CHOP,MINCE
543,CHEESE,MUSTARD,DECK,CORD
33,SHANK,FLANK,LOIN,ROUND
355,ROUND,CHUCK,FLANK,LOIN
196,SHOULDER,CHOP,BELLY,HOCK
535,ROLLER,SPOOL,CAN,SILO
163,FLOSS,VOGUE,ROBOT,WORM
56,SALSA,SWING,HUSTLE,TANGO
47,GO,CAN,CHA,NAE
197,BABY,LOVE,BOO,DEAR
219,RANGE,MODE,MEAN,MEDIAN
208,MATCH,SWIPE,BLOCK,MESSAGE
51,MATCH,HINGE,TINDER,BUMBLE
127,SUNDAY,SATURDAY,FRIDAY,THURSDAY
12,LUST,PRIDE,GREED,ENVY
525,ADDRESS,FIELD,HANDLE,ANSWER
160,FRONT,CHARADE,BLUFF,ACT
221,TRICK,FOOL,CON,DUPE
292,ROMP,BLOWOUT,SWEEP,ROUT
104,FALL,DROP,SINK,DIP
180,FLAG,FADE,EBB,WANE
225,DROP,DIP,SINK,FALL
503,FRILL,TRIM,BORDER,FRINGE
474,DWINDLE,DECLINE,EBB,DROP
473,COUNT,CONSIDER,JUDGE,REGARD
50,SAMOSA,KATSU,FALAFEL,SCHNITZEL
44,TRASH,CRUSH,SHELLAC,ROUT
350,WRAP,BUN,HERO,ROLL
396,SHIP,SEND,MAIL,POST
227,CROWN,FILLING,CAVITY,PLAQUE
79,BOOK,BOUNCE,RUN,SPLIT
266,WING,BRANCH,ARM,CHAPTER
363,LAY,SET,PLACE,PUT
467,MARTINI,HUMOR,TEETOTALER,DESERT
25,MOUSSE,FLAN,TIRAMISU,CHEESECAKE
67,COBBLER,PIE,TART,CAKE
17,TIDE,GAIN,ERA,ALL
408,WORKSHOP,SPITBALL,BRAINSTORM,IDEATE
529,ENGINEER,HATCH,MASTERMIND,CONCOCT
320,CUT,COLOR,CLARITY,CARAT
149,PING,CHIME,DING,RING
333,RANCH,BARBECUE,MARINARA,AIOLI
100,LAUNDRY,MARTINI,JOKE,DOZEN
506,QUICK,RINSE,NORMAL,SANITIZE
48,SCAR,BEAST,STITCH,GENIE
297,HAPPY,LADY,DAISY,GOOFY
509,DAISY,DOC,DALE,DORY
49,DAISY,SCROOGE,DEWEY,DONALD
263,FANTASY,TOMORROW,FRONTIER,ADVENTURE
309,PIGPEN,STY,DUMP,MESS
308,CLASH,TIFF,SCRAP,TANGLE
402,FORK,PART,SPLIT,BRANCH
116,WING,CHAPTER,BRANCH,ARM
402,TALK,DISH,TELL,SPILL
235,PROMOTE,PUSH,PITCH,PLUG
379,RECORD,FILM,TAPE,SHOOT
22,BOXER,HUSKY,DALMATIAN,POODLE
3,LAB,POM,PIT,PEKE
283,GOLDEN,PIT,BOSTON,LAB
171,DOWN,COME,SIT,STAY
374,DOWN,SHAKE,HEEL,SPEAK
266,WHINE,BARK,GROWL,HOWL
474,CLOWN,TURKEY,SAP,DWEEB
271,SPACE,DUTCH,JEOPARDY,DATE
462,CAT,POP,GRINCH,TURTLE
39,PEPPER,EVIL,NO,J
521,WRAP,SCARF,STOLE,SHAWL
432,CON,MINUS,STRIKE,DING
389,PICTURE,IMAGINE,CONCEIVE,ENVISION
395,UMBRELLA,CHERRY,SWORD,OLIVE
82,STEIN,TUMBLER,GOBLET,SNIFTER
242,COFFEE,MATE,COCOA,TEA
77,TOM,SNARE,CYMBAL,KICK
373,PRESS,FLY,CURL,ROW
348,SPELL,PERIOD,TIME,STRETCH
540,STOP,PLAY,RECORD,PAUSE
24,HAMMER,ANVIL,STIRRUP,COCHLEA
361,SKETCH,PLAN,DRAFT,OUTLINE
317,DRUM,WIG,WAX,MARK
75,ISLAND,BUNNY,EGG,SUNDAY
538,STREET,MONEY,LISTENING,CHAIR
257,SNACK,PECK,NIBBLE,GRAZE
164,SCARF,WOLF,GORGE,GULP
282,SCARF,WOLF,DOWN,INHALE
243,BISHOP,CARDINAL,PRIOR,PASTOR
481,POPE,BISHOP,PRIOR,PASTOR
44,PASTE,CUT,UNDO,COPY
515,BUBBLES,FIZZ,FOAM,FROTH
433,NATURAL,FLUID,SMOOTH,GRACEFUL
80,EYE,SCARAB,CROOK,ANKH
444,X-RAY,RADIO,MICROWAVE,VISIBLE
214,SALT,HEAT,FAT,ACID
159,MOSS,BANKS,TAYLOR,WARREN
159,CHEERS,THANKS,REGARDS,BEST
504,PLANT,LODGE,STICK,WEDGE
317,IDEAL,MODEL,EXAMPLE,SYMBOL
418,AVATAR,FIGURE,PERSONA,CHARACTER
96,SHINE,GLOW,BEAM,RADIATE
420,HEART,FIRE,SPARKLES,SKULL
328,MOVE,TOUCH,AFFECT,IMPACT
252,EGG,GOAD,SPUR,URGE
165,BOUQUET,PARFAIT,RAPPORT,RAGOUT
468,LATIN,JARGON,ENVIRON,PLEAD
471,PEPSI,MOCHI,FETA,BIOTA
515,JACKKNIFE,BUTTERCUP,BOILERPLATE,WITHERSPOON
65,JUICE,STEAM,SPIRIT,VIGOR
433,JUICE,CHARGE,BATTERY,POWER
335,LOVE,FANCY,RELISH,SAVOR
378,LIKE,FANCY,DIG,APPRECIATE
361,SUP,FEAST,FEED,DINE
177,GREAT,BIG,GIANT,HUGE
418,TITANIC,GIANT,MONSTER,MAMMOTH
238,LOVER,BUFF,NUT,FAN
539,OUTFIT,STOCK,PROVISION,FURNISH
131,EVEN,JUST,FAIR,EQUAL
150,YO-YO,HEDGE,WAVER,SEE-SAW
543,CAPER,EXPLOIT,ANTIC,STUNT
297,PRETTY,REALLY,MIGHTY,VERY
256,WIND,GAS,TOOT,STINKER
26,POLAND,GREECE,PORTUGAL,DENMARK
531,FORMAL,RAVE,BALL,HOP
280,VET,REVIEW,SCREEN,CHECK
228,PRIME,FINE,QUALITY,STERLING
137,ACES,NEATO,NIFTY,KEEN
480,TOO,EXTRA,OVER,BEYOND
175,FIRE,PUMP,AMP,HYPE
341,BRIDGE,CRUNCH,SQUAT,DIP
433,SWEAT,LABOR,WORK,EFFORT
303,BUZZ,RUSH,KICK,THRILL
296,DEPARTED,LEFT,SPLIT,WENT
279,BLANK,SPACE,FLAKE,FORGET
422,PILOT,TRIAL,EXPLORATORY,PRELIMINARY
472,THUNDER,ROAR,BOOM,CRASH
180,STATE,AIR,SPEAK,VOICE
270,COUCH,INTIMATE,SUGGEST,IMPLY
143,WELL,UM,ERM,UH
74,MASTODON,DODO,MAMMOTH,TRILOBITE
68,AWFUL,SUPER,VERY,QUITE
500,REAL,AWFUL,WAY,BLOODY
95,IRIS,LENS,PUPIL,RETINA
48,TWEED,LINEN,DENIM,CORDUROY
421,SHOW,BLUFF,FRONT,SHAM
3,MOUTH,NOSE,EYE,CHEEK
73,BEARD,GOATEE,MUSTACHE,STUBBLE
292,SKIP,CUT,DITCH,MISS
128,LEMON,BOMB,FLOP,DUD
74,BUSTS,FLOPS,MISSES,TURKEYS
97,GIANT,WOLF,PRINCESS,WITCH
269,CAVE,BUCKLE,GIVE,COLLAPSE
130,FAKE,FORGE,FABRICATE,FIX
229,POPPY,MUM,GRAMMY,DADA
14,MARX,WRIGHT,JONAS,WARNER
287,KING,BERRY,PAGE,WATERS
283,HOWL,IF,HARLEM,DADDY
249,PANTS,FREE,THAT,FEAST
241,PEN,STABLE,COOP,STY
186,PLOW,SICKLE,RAKE,HOE
362,LINE,LABEL,COLLECTION,BRAND
46,W,GLAMOUR,ALLURE,ELLE
163,HIP,HOT,CHIC,IN
45,SONIC,CHECKERS,SUBWAY,OUTBACK
312,MERMAID,KING,CLOWN,COLONEL
130,FOOD,FASHION,FORWARD,FRIENDS
506,CURRENT,RAPID,WAVE,CASCADE
63,BUTTON,SNAP,BUCKLE,ZIP
127,CAT,CHANCE,LIP,TUESDAY
341,COWBOY,BOUNTY,DUEL,SALOON
489,COW,BEANS,JACK,GIANT
484,DINOSAUR,AMBER,MOSQUITO,PALEONTOLOGIST
164,MIRROR,APPLE,BASHFUL,QUEEN
240,BUCKLE,LOOP,HOLE,STRAP
332,FLY,POCKET,RIVET,BUTTON
394,SALTY,BITTER,UPSET,SORE
84,DOE,HEN,COW,MARE
289,COW,EWE,DOE,HEN
267,FOIL,GLOVE,MASK,JACKET
89,STOUT,SAKE,PORT,CIDER
519,PENNYWISE,HOMEY,JOKER,RONALD
15,SILVER,SPARROW,HOOK,JONES
32,HUNT,SMART,BOND,RYAN
76,PARIS,ATLAS,NIKE,HERMES
544,PRINCESS,DONKEY,DRAGON,OGRE
28,ZIP,TIFF,GIF,PDF
498,PRINT,NEW,OPEN,SAVE
170,STUFF,PACK,JAM,CRAM
335,WELL,LIKE,LITERALLY,UM
299,HAIR,WARDROBE,MAKEUP,PROPS
122,ACTION,CUT,CAMERA,LIGHTS
153,BOOM,DOLLY,TRIPOD,LENS
168,CAPITAL,EQUITY,INTEREST,STOCK
137,HEAD,LATHER,FOAM,FROTH
436,LITTLE,RING,POINTER,MIDDLE
369,UP,OVER,DONE,THROUGH
452,TAPE,DRESSING,BANDAGE,SCISSORS
450,BABE,MICKEY,YOGI,LOU
395,CASINO,DIAMONDS,TOMORROW,QUANTUM
76,FOXY,KILLER,GUCCI,NOTORIOUS
409,PRINCE,BRITISH,NOVA,NORTHWEST
29,SKATE,TANG,SOLE,TETRA
58,CHAR,EEL,PERCH,SHARK
387,SOLE,SKATE,PERCH,PIKE
414,BASS,FLUKE,PERCH,PIKE
90,SMELT,CARP,CATFISH,FLOUNDER
15,ROD,TACKLE,REEL,LURE
398,FLY,SINKER,LINE,HOOK
64,FLY,CHUM,BAIT,SINKER
506,CONDITION,HEALTH,FORM,SHAPE
323,SURPRISE,ROCK,FLOOR,SHOCK
487,FLIGHT,PLATTER,SAMPLER,TASTING
267,PLASTIC,LIMBER,ELASTIC,SUPPLE
28,PENGUIN,KIWI,EMU,OSTRICH
87,LEAF,STALK,PETAL,BUD
142,DAISY,TULIP,ROSE,VIOLET
450,DAISY,JASMINE,PETUNIA,POPPY
535,THROW,RATTLE,RUFFLE,FAZE
506,LATHER,SWEAT,STEW,TIZZY
188,TAIL,SHADOW,TRACK,TRAIL
254,WATCH,MONITOR,TRACK,SURVEY
80,TIMES,IMPACT,PAPYRUS,COURIER
370,EATS,FARE,CHOW,GRUB
502,BROIL,WINGS,SPROUTS,CHEESESTEAK
368,CORN,CHEESE,SAP,SCHMALTZ
281,BEAN,MELON,NOODLE,NUT
307,üçû,ü•¨,üßÄ,ü•ì
429,PYRAMID,CHAIN,FIGHT,PROCESSOR
541,SCRAMBLE,SALAD,STEW,HASH
165,TURNOVER,PIE,TART,PASTY
278,MADNESS,FOLLY,NONSENSE,ABSURDITY
171,SOLE,BALL,TOE,ARCH
519,SAFETY,QUARTERBACK,GUARD,CENTER
2,PUMP,LOAFER,BOOT,SNEAKER
469,SNEAK,SLIP,LOAF,WADE
122,LEAD,PRIME,TOP,HEAD
223,PRIME,SUPREME,PARAMOUNT,MAIN
491,SUPREME,PRINCIPAL,CHIEF,PREMIER
360,OPEN,DIRECT,FRANK,STRAIGHT
419,SPIRIT,WILL,RESOLVE,GRIT
215,POKER,LOG,GRATE,FLUE
75,MIXER,RANGE,COUNTER,SINK
309,PEANUTS,PRIZE,CARAMEL,POPCORN
383,BRIDGE,HATCH,KEEL,DECK
363,PAN,KETTLE,POT,GRIDDLE
178,NOTE,STAFF,REST,CLEF
514,ACCIDENTAL,STAFF,NOTE,REST
526,ADIEU,TEMPS,PAIN,BELLE
436,BULLDOG,KISS,HORN,FRY
381,RING,STICK,TENDER,WING
69,BUD,MATE,CHUM,PAL
10,KIWI,ORANGE,DATE,LEMON
59,LYME,PAIR,PLUMB,MELLON
356,PAIR,BURY,CURRENT,LEACHY
98,FIG,LIME,APRICOT,GRAPE
107,MONTY,MOON,CIRCLE,HOUSE
153,KICK,BALL,BLAST,RIOT
413,KEY,PRINCIPAL,STAPLE,ESSENTIAL
155,CLOWN,CARD,JOKER,CUTUP
182,PAGES,BONE,BUSINESS,GIRL
539,VANITY,WARDROBE,CONSOLE,CHEST
414,CHANCE,OUTLOOK,FORECAST,PROSPECT
295,BINGO,ROULETTE,LOTTERY,WAR
204,WEED,WATER,SEED,PLANT
263,BUTTER,GARLIC,BREAD,PARSLEY
428,REGULAR,PLUS,DIESEL,PREMIUM
318,DIRT,INTELLIGENCE,SECRETS,INFORMATION
488,STOOP,DECK,YARD,PORCH
281,PRINCESS,BAGUETTE,EMERALD,RADIANT
196,SOFT,LIGHT,MELLOW,MILD
492,FIRE,AMP,HYPE,PSYCH
183,DUCK,STOOP,CROUCH,SQUAT
487,FLUSH,GLOW,BURN,BLUSH
280,SHRINK,CONTRACT,REDUCE,LESSEN
208,BOX,BOW,CARD,WRAPPING
381,POINT,MESSAGE,DRIFT,IDEA
420,FLASH,RITZ,DAZZLE,POMP
480,REAL,WON,POUND,YEN
127,TURN,SOUR,SPOIL,ROT
392,SEE,COURT,DATE,WOO
140,FACE,CHALLENGE,OPPOSE,CONFRONT
252,FIGURE,STEADY,FISH,BANANAS
400,BOND,RUSH,LEAF,MINE
319,GIRLS,PARACHUTE,RULE,FLEECE
77,DRIVER,EAGLE,STROKE,HOLE
379,HOLD,RIVET,ABSORB,ENGROSS
20,OAT,BARLEY,SPELT,RYE
136,PERFECT,FUTURE,PRESENT,PAST
360,SAVANNA,PLAIN,PRAIRIE,MEADOW
525,PARK,YARD,GREEN,LAWN
158,WHITE,LAKE,SEAL,DANE
13,IOTA,DELTA,CHI,BETA
505,GOBLIN,BERET,THUMB,SALAD
252,PRODUCE,DAIRY,SNACK,FROZEN
540,DIFFERENT,NEW,NOVEL,ORIGINAL
437,COMPLEX,BLOCK,COMPOUND,DEVELOPMENT
140,CLUTCH,HATCH,BROOD,LITTER
149,CAMP,DIVISION,WING,FACTION
400,WING,PARTY,CAMP,SIDE
140,NECK,FRET,BRIDGE,BODY
63,PRESS,PLANK,CURL,LUNGE
96,FLOOR,HORSE,VAULT,RINGS
262,SPLIT,TUCK,PIKE,STRADDLE
398,SINK,DRYER,MIRROR,CHAIR
493,COLOR,BLOWOUT,CUT,TRIM
300,IRON,BRUSH,COMB,DRYER
312,PIXIE,BUZZ,BOWL,CREW
39,BOB,CROP,PIXIE,SHAG
281,CANDY,PUMPKIN,COSTUME,DECORATIONS
514,SPIDER,BAT,PUMPKIN,WITCH
231,SOCK,STRIKE,BLOW,LICK
134,CANDY,COPY,SELTZER,KNOCKS
319,MEAN,PLAN,AIM,INTEND
176,STEAM,HAIR,LETTUCE,STATE
468,TALK,WHISPERS,SPECULATION,RUMBLING
538,MOVING,TENDER,TOUCHING,SWEET
90,OVEN,FORGE,KILN,FURNACE
318,MIND,REGARD,FOLLOW,OBSERVE
158,LEAD,STEER,DIRECT,GUIDE
300,CREST,ARMS,COAT,SHIELD
202,DESERT,WIND,DOVE,BASS
395,SHIELD,SCREEN,BLOCK,COVER
423,CHECK,HAMPER,CURB,INHIBIT
236,HAMMER,POUND,BANG,SLAM
172,REBECCA,BIRDS,ROPE,NOTORIOUS
13,KNEW,NEW,NU,GNU
84,U,YOU,EWE,YEW
160,PEEK,PEAK,PIQUE,PEKE
240,HOLI,HOLY,HOLEY,WHOLLY
405,TO,TWO,TUE,TOO
451,I,MUSSEL,HARE,NAVAL
528,SEW,OAR,FORE,BUTT
277,PIE,NEW,ROW,MOO
362,GREECE,HARE,KATZ,MAIM
335,JEWEL,CARROT,HURTS,OM
14,PASSPORT,PILOT,ACCORD,CIVIC
470,STEAMING,BOILING,FUMING,LIVID
142,CARPENTER,CRAVEN,WAN,ASTER
307,ü™ö,üò±,üëΩ,üßõ
310,POWER,SHOE,FLY,RADISH
93,TEA,COFFEE,COCOA,CHAI
440,FOX,SNACK,TEN,BABE
452,RANCH,COTTAGE,CRAFTSMAN,PRAIRIE
293,PACE,SPEED,RATE,CLIP
261,TYPE,KIND,VARIETY,SORT
162,MIRROR,PARROT,APE,MIME
134,SPUR,MOTIVATE,DRIVE,INSPIRE
116,STONE,PECK,TON,BUSHEL
422,SHORT,CROSS,TESTY,SURLY
179,ALFA,TANGO,BRAVO,ROMEO
365,INITIAL,MAIDEN,PREMIER,FIRST
283,AND,PLUS,WITH,ALSO
137,GROW,SWELL,MOUNT,BUILD
503,SWELL,WAX,GROW,MOUNT
537,SPELL,MEAN,SIGNIFY,SUGGEST
199,SIGN,WARNING,MESSAGE,OMEN
539,EGO,CHARACTER,BEING,SELF
80,WEIGHT,PULL,SWAY,CLOUT
541,ARTIST,YEAR,MEDIUM,TITLE
86,MAP,CHART,GRAPH,DIAGRAM
257,STOCK,BEANS,PASTA,VEGETABLES
89,SOUL,HEART,SPIRIT,ESSENCE
116,FLEE,BEATLE,AUNT,NAT
93,DIRT,DISH,SKINNY,SCOOP
221,WORD,SKINNY,SCOOP,DOPE
501,NOVEL,CREATIVE,FRESH,ORIGINAL
432,LIAR,SYMBOL,LOOT,BASE
428,SLIGHT,BURN,DIG,JAB
270,MOLE,SLEEPER,ASSET,AGENT
99,SHARP,QUICK,BRIGHT,CLEVER
333,QUESTION,GRILL,EXAMINE,PROBE
194,SPELL,WHILE,PERIOD,STRETCH
370,BULLY,RATTLE,COW,DAUNT
310,DRIVE,WILL,DESIRE,RESOLVE
148,STOCK,CD,BOND,OPTION
516,X-RAY,TOOTHBRUSH,DRILL,SINK
113,CLOCK,NOTES,MAIL,MAPS
41,PALAU,JAPAN,CUBA,MALTA
288,PARMESAN,BOLOGNESE,NEAPOLITAN,VENETIAN
482,SKI,SOCK,EARBUD,BOOKEND
504,HOUSE,HOTEL,TOKEN,DEED
313,STICK,DOMINO,JACK,MARBLE
106,MA,BLACK,FROST,SPARROW
200,HOLIDAY,MONK,PARKER,HANCOCK
427,KID,RIB,TEASE,RAZZ
290,CRICKET,FROG,KANGAROO,HARE
350,SNAP,CLAP,BOB,TAP
402,FORMULA,RECIPE,SECRET,TICKET
447,SPORT,TIGER,CHAMP,BUDDY
354,EGG,PLAIN,EVERYTHING,POPPY
530,NAVY,KIDNEY,PINTO,MUNG
256,HONEY,PLATINUM,STRAWBERRY,DIRTY
297,SKY,BABY,NAVY,TIFFANY
408,BIRTHDAY,MARBLE,POUND,CRUMB
472,SET,MAGIC,TAROT,BASEBALL
458,BAR,PIE,BUBBLE,LINE
262,ANIMAL,GOLDFISH,RITZ,OYSTER
225,TAP,SALSA,MODERN,SWING
271,CUBAN,KITTEN,WEDGE,STILETTO
396,STAIN,LINER,BALM,GLOSS
19,PORK,BEEF,POULTRY,VENISON
374,FLAT,QUARTER,NATURAL,WHOLE
250,WHOLE,PERFECT,ODD,PRIME
473,PLAYER,UPRIGHT,GRAND,ELECTRONIC
543,SWEET,DILL,SOUR,KOSHER
488,DEMO,BLOOPER,HIGHLIGHT,SIZZLE
204,WEDGE,GREEN,GREEK,CAESAR
492,PUMP,FLAT,SLIDE,MULE
516,BIKINI,G-STRING,HIPSTER,THONG
296,BLUE,GRAY,RIGHT,FIN
74,X,SMACK,PECK,SMOOCH
291,GLORY,PROPS,CREDIT,PRAISE
117,GAGA,LUCK,MACBETH,BIRD
38,MOUNTAIN,VALLEY,CANYON,PLATEAU
170,KEY,ISLAND,BAR,ATOLL
461,TIE,CHECK,FINISH,BASK
269,SEA,TON,MASS,SLEW
484,MINT,PILE,FORTUNE,BUNDLE
451,SHIP,CRAFT,BARGE,VESSEL
410,CAVEAT,QUID,VOX,ERGO
117,HAHA,DEAD,LOL,ROFL
353,MERCURY,FERRY,PLANT,NICKS
430,ANCHOR,PRESENT,MODERATE,HOST
341,CARTER,KING,TUTU,GORE
7,KNEE,ANKLE,SHIN,THIGH
538,HEARING,PROCEEDING,INQUIRY,TRIAL
492,SPEAKER,CHAIR,WHIP,LEADER
2,SEA,WHY,ARE,QUEUE
307,ü´ñ,üêë,üëÅÔ∏è,üêù
201,JAY,GEE,BEE,EX
413,RECORDING,APPLAUSE,WALK,EXIT
398,BUG,BOLT,STRIKE,ROD
526,SLATE,PROGRAM,SCHEDULE,BILL
107,GARTER,SLIP,THONG,TEDDY
421,HANDLE,FIFTH,PINT,LITER
347,SPRINKLE,DROP,SPOT,SPLASH
47,GECKO,MONITOR,IGUANA,CHAMELEON
486,COACH,POLO,MUSTANG,GODIVA
51,HERO,GRINDER,SUB,HOAGIE
362,BUNNY,DUCK,PIG,MARTIAN
488,DOPE,SCOOP,DISH,INFO
91,BOTTOM,FOOT,FOUNDATION,BASE
208,CHARM,STRIKE,DUCK,BREAK
98,GRAND,DELUXE,LAVISH,OPULENT
187,SILK,VELVET,SATIN,CHIFFON
116,ANGEL,RED,CUB,MET
159,CARDS,YANKS,JAYS,NATS
279,SHIFT,COMMAND,CONTROL,OPTION
2,TIME,US,PEOPLE,ESSENCE
412,MAD,O,FORTUNE,NATURE
544,MUSHROOM,KINGDOM,MARKER,CARPET
141,DRAGON,SEASON,BAMBOO,WIND
508,HONOR,KEEP,FULFILL,UPHOLD
186,TICKLE,AMUSE,PLEASE,DELIGHT
115,SHOW,PRESENT,EXHIBIT,DISPLAY
238,CUT,PARE,TRIM,CLIP
83,CLIP,BUFF,POLISH,FILE
81,CHIP,DING,SCRATCH,NICK
411,HONEY,HERO,SOMEDAY,FANTASY
37,SEAL,DOLPHIN,OTTER,MANATEE
471,SAVE,LIKE,FAVORITE,BOOKMARK
36,WOMBAT,KANGAROO,KOALA,WALLABY
242,UP,DRY,TWIST,DIRTY
431,TAN,LOG,MOD,MAX
8,KING,TWIN,QUEEN,FULL
396,TEMPERATURE,ANGLE,EDUCATION,CRIME
493,SACK,RECEPTION,YARD,ATTEMPT
312,RULER,COMPASS,SCALE,WATCH
245,PRESS,EXPOSURE,COVERAGE,PUBLICITY
497,CHIP,ROCKY,STITCH,SCRATCHY
474,SEA,WONDER,SIN,DWARF
332,ANIMAL,DOOR,KINK,SUPREME
3,AMIGO,STOOGE,KING,TENOR
239,GLEE,FESTIVITY,CHEER,MIRTH
416,SHOCK,MOP,TANGLE,MANE
149,BING,WORD,EDGE,SURFACE
441,OFFICE,TEAMS,EDGE,WINDOWS
25,FUDGE,SHOOT,HECK,DARN
130,FUDGE,FIE,FRICK,FIDDLESTICKS
140,STEW,HASH,JUMBLE,MEDLEY
45,PLANE,BOAT,CAR,TRAIN
169,SODA,MINT,LIME,RUM
255,PURR,BUZZ,DRONE,HUM
175,WATER,GAS,ELECTRIC,CABLE
371,HOOD,FUJI,OLYMPUS,WHITNEY
278,MARCH,PUSH,PROGRESS,ADVANCE
359,COAST,BREEZE,SAIL,GLIDE
200,ZIP,DASH,DART,BOLT
468,SLIP,STEAL,TIPTOE,CREEP
225,TEAR,FLY,BLAZE,RACE
57,ROMANCE,HORROR,MUSICAL,WESTERN
287,PLOT,TITLE,CAST,GENRE
46,CHICAGO,PHILADELPHIA,RIO,MUNICH
511,BIG,SAW,ELF,HER
251,APOLLO,FANTASTIC,SAMURAI,CANDLES
525,CAR,JAW,SWINGER,GOODFELLA
16,BEAN,CLEAN,PEANUT,FOX
58,CATFISH,STATE,JACKASS,CRIBS
392,SEA,DROVE,PACK,HOST
168,CITY,TOWN,VILLAGE,COUNTY
188,CLOUD,FOG,HAZE,MIST
18,QUAD,LAT,TRI,PEC
238,BUILT,RIPPED,JACKED,SWOLE
459,FOLK,ROCK,COUNTRY,BLUES
253,SKIP,STOP,SHUFFLE,REWIND
515,SPIN,PITCHFORK,MOJO,BILLBOARD
52,HORN,TRIANGLE,HARP,ORGAN
171,HORN,BASS,HARP,ORGAN
294,HARP,BASS,RECORDER,BASSOON
429,HORN,RECORDER,TRIANGLE,FIDDLE
247,WIND,STRING,RHYTHM,BRASS
91,COMPANY,HAIR,GREASE,RENT
4,CATS,CAROUSEL,CHICAGO,CABARET
25,WALRUS,HORSESHOE,PENCIL,HANDLEBAR
165,CURRY,BIRD,JORDAN,JAMES
293,CLIPPER,ROCKET,SPUR,PACER
121,WILD,STARS,KRAKEN,FLAMES
492,MATTE,MIC,DUG,PEAT
199,MS,REV,GEN,PROF
529,GALILEO,VIKING,PIONEER,VOYAGER
183,MOTTO,SEAL,FLAG,ANTHEM
430,FLAIR,TALENT,INSTINCT,FACULTY
471,CURRY,BIRD,MAGIC,KOBE
45,SUN,THUNDER,KING,MAGIC
17,SCARF,ASCOT,BOLO,TIE
443,BUTTERFLY,NERVE,WILLY,JITTER
369,CULTURE,SPORTS,COPY,CITY
236,REGISTER,SUN,HERALD,CHRONICLE
460,SUN,POST,GLOBE,MIRROR
76,STYLE,NATIONAL,BUSINESS,OPINION
59,GLOBE,POST,SUN,JOURNAL
18,BILL,BEAR,COMMANDER,BROWN
447,DRINK,BLUE,DEEP,BRINY
33,CHUCK,ROB,SUE,JOSH
340,DISCO,LOUNGE,CLUB,BAR
112,BAT,OWL,WOLF,MOTH
528,ROW,RACKET,CLATTER,RUCKUS
524,CHARGE,PLASTIC,CARD,CREDIT
132,BALONEY,CROCK,BUNK,TRIPE
448,BULL,TRIPE,BALONEY,BUNK
497,ROUGH,UNEVEN,RUGGED,BUMPY
280,PILOT,SPECIAL,PREMIERE,FINALE
245,SHIP,NESS,ION,DOM
352,HANDFUL,BOTHER,PAIN,PEST
253,ETHER,NET,EON,TOW
101,WON,TOO,ATE,FOR
328,SINE,SEN,SOUR,SIGHT
526,AUDIO,GAMES,NEWS,COOKING
332,PLANE,POINT,LINE,SOLID
407,SAW,JUG,SPOONS,WASHBOARD
205,JAM,BLOCK,STOP,CLOG
156,WIN,LAND,GET,SECURE
493,BAG,LAND,SCORE,SNAG
67,SMITH,FISHER,MASON,MILLER
373,WAVE,CURRENT,DRIFT,TIDE
440,DETOUR,TANGENT,DIGRESSION,ASIDE
19,CREAM,EGGSHELL,VANILLA,IVORY
469,SUPPORT,BLESSING,CONSENT,APPROVAL
356,SQUARE,STRAIGHT,STUFFY,TRADITIONAL
290,HOCKEY,BREAKING,SKELETON,TRAMPOLINE
323,LEVEL,FLAT,FLUSH,EVEN
364,PUPPET,TOOL,PAWN,INSTRUMENT
296,AVIATOR,ACE,FLIER,PILOT
66,ROSE,MONTH,EGG,JUROR
87,MOLE,SPY,PLANT,AGENT
349,STAR,LEAD,PRINCIPAL,HEADLINER
501,MODEL,AMBASSADOR,STREAMER,INFLUENCER
186,PLOP,BANG,SPLASH,THUD
197,ZIP,ENERGY,JUICE,FIRE
420,SQUARE,PLAZA,COURT,YARD
524,TURN,TIME,CHANCE,SHOT
313,NEAT,CLEAN,TIDY,TRIM
121,SOURCE,GERM,GENESIS,SEED
266,ROOT,CRADLE,FONT,SOURCE
363,RUFFLE,TRIM,FRINGE,FRILL
256,LOUD,BRIGHT,GARISH,FLASHY
453,MATCH,MATE,COMPLEMENT,PARTNER
254,LIGHT,BAKE,TIMER,BROIL
491,CHEESE,CORN,PAP,MUSH
410,STORE,SQUIRREL,STASH,STOW
66,CLOSE,BACON,MUNCH,WHISTLER
85,BRUSH,CANVAS,EASEL,PALETTE
289,POP,EYE,GAG,BIB
489,LEVEL,PEP,TENET,REFER
135,MODEL,TEXTBOOK,CLASSIC,DEFINITIVE
443,SPINE,JACKET,COVER,PAGE
200,HOOD,TRUNK,TIRE,BUMPER
217,SHOCK,WHEEL,DASH,TANK
316,GOATEE,PITCHFORK,TAIL,HORNS
160,RIDGE,CLIFF,CRAG,LEDGE
518,ROUND,BYE,BRACKET,SEED
123,CROWN,DIAL,HAND,STRAP
383,STAFF,HAT,ROBE,BEARD
476,HAMMER,DRUM,ANVIL,CANAL
229,CONE,IRIS,LENS,PUPIL
247,DRAG,DRIP,BORE,DUD
228,TIME,BAR,TORCH,BUCK
329,FIERCE,DEEP,INTENSE,EXTREME
57,STRIPES,PAISLEY,PLAID,HOUNDSTOOTH
437,SUPER,SWELL,NEAT,NIFTY
475,WEIRD,FUNNY,OFF,CURIOUS
64,CATCH,SEE,NOTICE,OBSERVE
268,DAY,AGE,TIME,ERA
422,PAN,RABBIT,PARKER,PIPER
373,LOCK,PANE,MARKS,RUSTLE
119,BARS,RECEPTION,SERVICE,SIGNAL
359,STILL,SHOT,SNAP,PIC
77,WING,TENDER,BREAST,DRUMSTICK
298,CHAIR,BED,TABLE,COUCH
370,STEER,GUIDE,LEAD,DIRECT
188,BALL,FLIPPER,BUMPER,PLUNGER
129,KICK,BITE,ZIP,TANG
89,BRAVE,UP,CARS,COCO
401,PORT,OUTLET,JACK,SOCKET
268,SAFE,VAULT,CHEST,COFFER
405,SAT,PUT,LAID,PLACED
54,TEMPLE,ALTAR,RELIQUARY,SHRINE
535,SWING,ROCKER,CRADLE,HAMMOCK
294,BUD,SHOOT,BLOOM,SPROUT
281,LICORICE,FENNEL,TARRAGON,ANISE
285,DIRTY,DATE,DOH,DEAD
209,KID,TEASE,RIB,JOSH
355,KID,NEEDLE,RIB,TEASE
80,SWING,SLIDE,SEESAW,SANDBOX
362,TAG,HOP,DODGE,HIDE
125,SWAG,BOOTY,SPOILS,LOOT
124,LINE,VERSE,RHYME,METER
392,AYE,PRO,FOR,YEA
218,PUNT,TABLE,STALL,HOLD
427,THIGH,TENDER,BREAST,WING
121,NAP,PLANT,RANGER,TRIP
236,FLOWER,FEATHER,STAR,MUSHROOM
396,FIX,HOLE,SPOT,CORNER
304,JAMS,SPOTS,PICKLES,BINDS
494,RETRO,SUB,SUPER,PRO
255,PLUTO,AUTO,DEMO,BUREAU
304,SMOKES,CANS,SALTS,CURES
218,RUN,DIRECT,CHAIR,LEAD
54,HARRY,GROVER,CALVIN,CHESTER
154,FORD,GRANT,WILSON,LINCOLN
495,FIGURE,IMAGINE,SUSPECT,THINK
287,CHARADE,FRONT,AIRS,AFFECT
379,PLEASE,WOMAN,GOOD,PENNY
190,FIRST,CHIEF,PRINCIPAL,MAIN
162,GORILLA,GIBBON,BABOON,BONOBO
501,BOOK,SECURE,RESERVE,CHARTER
108,CONE,POLLEN,ACORN,SAP
425,LINE,TRADE,FIELD,BUSINESS
258,RUBY,PYTHON,BASIC,JAVA
533,DRAG,CRAWL,INCH,CREEP
514,BLOCK,BAN,FORBID,DENY
439,PITCH,MARKET,HYPE,SELL
365,HERE,WEE,THEME,USE
84,I,WE,IT,THEY
94,US,YOU,THEM,ME
268,LEAP,JUMP,SPRING,HOP
437,EXPAND,ELABORATE,EXPLAIN,SPECIFY
541,NAME,CHARACTER,IMAGE,REPUTATION
320,WORDS,COPY,TEXT,WRITING
314,WRENCH,YANK,TEAR,RIP
407,BOTTLE,MOBILE,RATTLE,CRIB
505,RAIN,HAZE,HEART,PROSE
73,DOG,TRACK,TAIL,FOLLOW
257,STALK,HUNT,TRACK,TRAIL
291,SHADOW,TRACK,CHASE,TAIL
400,HUNT,SEARCH,CHASE,QUEST
427,SHOULDER,MUSCLE,JOSTLE,BARGE
387,BOUNCE,BODY,LIFT,VOLUME
352,SOME,MANY,FEW,SEVERAL
295,ROW,FIGHT,TIFF,SCRAP
520,SPLASH,DIP,DIVE,SWIM
160,GANDER,LOOK,GLANCE,GLIMPSE
219,GROSS,GLASS,STERN,KING
95,OUT,COPY,ROGER,OVER
56,SAVAGE,CENT,PAC,CHAINZ
436,HUSKY,GRUFF,ROUGH,HOARSE
358,PING,TEXT,CONTACT,MESSAGE
167,96,SIS,NOON,MOW
166,ALONE,CHOPPED,CATFISH,SURVIVOR
429,FIELD,SPHERE,DOMAIN,AREA
178,ISLAND,CAPITOL,VIRGIN,COLUMBIA
399,CARPET,MEAT,DELICIOUS,TAPE
328,TASTE,GRACE,STYLE,ELEGANCE
421,BELIEVE,ACCEPT,TRUST,BUY
451,ON,ABOUT,TOWARD,CONCERNING
348,CHECK,LIMIT,CONTAIN,CURB
175,SONIC,ACOUSTIC,HEARD,AUDITORY
317,TRACK,CONDUCTOR,CAR,STATION
49,AUNT,NEPHEW,MOTHER,COUSIN
133,LOUNGE,LOAF,HANG,CHILL
162,CARDINAL,PASTOR,LAMA,MONK
395,POWER,MENU,VOLUME,CHANNEL
393,BUSH,COUNTRY,STICKS,WOODS
382,WAX,THREAD,LASER,PLUCK
389,BRUSH,SWEEP,FLICK,WIPE
366,PEELS,SHELLS,SHUCKS,PARES
101,EXTRA,COPY,BACKUP,SPARE
411,COVER,SUB,BACKUP,ALTERNATE
182,BANK,SAVE,STORE,STASH
474,DWELL,STAY,LIVE,INHABIT
81,RIGHT,BINGO,YES,CORRECT
399,DESSERT,SIDE,STARTER,MAIN
444,DISHWASHER,SERVER,COOK,HOST
174,CAP,CURB,CHECK,LIMIT
239,CHOIR,FIRE,FRYER,LIAR
135,DOWNTOWN,RAGTAG,BIGWIG,BACKPACK
275,FLUSH,DRAIN,CLEAR,EMPTY
543,BLUE,SPICY,ADULT,SUGGESTIVE
104,STRONG,SOUND,FIT,HEALTHY
243,QUEEN,HEART,PRINCE,MADONNA
128,GARDEN,STAR,CANDY,BOTTOM
52,RAT,VOLE,HAMSTER,GERBIL
84,L,V,D,M
134,FEELINGS,SPARK,VIBE,CONNECTION
400,KISSES,ALWAYS,YOURS,LOVE
428,STEADY,FLAME,LOVER,SWEETHEART
235,THING,PAIR,ITEM,COUPLE
170,STUDY,KITCHEN,DEN,BEDROOM
272,STUDY,HALL,LOUNGE,LIBRARY
125,CRADLE,CORD,DIAL,HANDSET
462,CRANK,WIND,REEL,TURN
415,ODD,RED,BLACK,EVEN
350,APPLAUSE,GOLF,DRINKS,FUNDING
20,KING,EARL,BARON,PRINCE
227,APPROVED,VOID,PAID,URGENT
32,CEMENT,SOUL,BAND,DUCKIE
128,GHOST,DESERT,IGNORE,JILT
462,BLOW,DRAFT,PUFF,GUST
33,CLUB,SUB,CUBAN,MELT
534,FRESH,CUTE,WISE,SMART
349,MAD,ONION,LAMPOON,CRACKED
250,PLUM,SOY,OYSTER,XO
186,PLOT,PLOY,TRICK,RUSE
409,STING,RACKET,CON,HUSTLE
415,LIBRARY,LAB,GYM,AUDITORIUM
413,TAPE,RULER,PEN,SCISSORS
496,THING,MATRIX,ABYSS,FLY
249,SPONGE,RAY,CRAB,SQUID
91,LEGS,LION,CUCUMBER,CHANGE
40,MONK,HARBOR,HARP,HOODED
167,REMOTE,HIDDEN,SECRET,PRIVATE
473,GAMBLE,YOUNG,NOBLE,JOHNSON
150,MARY,MULE,BREEZE,RUSSIAN
287,GUESS,WIND,NATURE,FIDDLE
197,SANTA,SAUCE,CODE,AGENT
283,RANK,CLASS,DIVISION,TIER
217,STAGE,PERIOD,CHAPTER,PHASE
288,ASTROTURF,JUMBOTRON,SKYBOX,SCOREBOARD
299,RING,CLOWN,TENT,TRAPEZE
291,NAME,VISA,PHOTO,STAMP
251,PARROT,MONKEY,PRINCESS,GENIE
142,FARMER,TRACTOR,BARN,CHICKEN
409,PYRAMID,SEAL,WASHINGTON,EAGLE
286,STAGE,CYCLE,ROUND,PHASE
139,TASTE,TOUCH,SIGHT,SMELL
202,STRING,TRAIN,CHAIN,SERIES
535,THREAD,CHAT,CONVERSATION,CHAIN
28,DOC,HAPPY,GRUMPY,BASHFUL
455,GRUMP,DO,DOPE,SLEEP
79,JET,ONYX,RAVEN,EBONY
476,CHARCOAL,RAVEN,JET,SABLE
16,FOREST,KELLY,EMERALD,OLIVE
347,ROSE,CHERRY,RUBY,BRICK
55,VIOLA,PUCK,DUNCAN,JULIET
275,JOINT,COMMON,COLLECTIVE,MUTUAL
276,PUNCH,EDGE,SPICE,BITE
357,HAIRPIN,SWITCHBACK,DOGLEG,ZAG
17,STERN,BOW,PORT,STARBOARD
100,BUTTON,COLLAR,CUFF,POCKET
201,POLO,TEE,CROP,TANK
32,SOLE,TONGUE,LACE,HEEL
187,LACE,SOLE,TONGUE,EYELET
69,PUMP,WEDGE,SLIDE,CLOG
223,PEACOCK,POSTURE,GRANDSTAND,STRUT
409,USHER,LEAD,DIRECT,GUIDE
143,HOUSE,ER,SCRUBS,RATCHED
172,ROBIN,GOOSE,HOBBES,WATSON
319,CURB,GUTTER,GRATE,MANHOLE
496,IMPORT,GRAVITY,WEIGHT,SUBSTANCE
13,GNOME,GNOCCHI,GNAW,GNAT
402,UNKNOWN,DOORKNOB,KNIFE,TOPKNOT
90,WALK,YOLK,SALMON,COLONEL
418,LISTEN,WITCH,HUSTLE,CASTLE
158,FISH,MOOSE,DEER,BUFFALO
129,BOXER,PANT,GOGGLE,TONG
74,THREADS,DUDS,OUTFIT,GETUP
41,MUD,JOE,BREW,JAVA
324,BUD,MATE,CHUM,PAL
120,NOODLE,CROWN,DOME,MELON
125,PAD,CRIB,DIGS,JOINT
36,PAPER,CHEDDAR,DOUGH,STACKS
350,TRAP,YAP,CHOPS,KISSER
7,JOHN,THRONE,HEAD,CAN
63,JACK,SQUAT,NOTHING,NADA
308,ZIP,LOVE,SQUAT,JACK
411,COPPER,SHRINK,HACK,SUIT
425,POINT,PRONG,TIP,TINE
361,JIM,SHADY,FIT,PICKINGS
12,SLOTH,SNAIL,LORIS,TORTOISE
509,DROP,DASH,DAB,DOLLOP
176,CHIP,MARK,SCRATCH,NICK
135,CRANNY,NOOK,RECESS,NICHE
205,WONDER,TALK,WORLD,FRY
546,SHRED,LICK,TRACE,OUNCE
229,CLOCK,CAMERA,CALCULATOR,CALENDAR
367,PINCH,TOUCH,DASH,BIT
107,PYTHON,BOA,MAMBA,VIPER
4,PUMA,NIKE,REEBOK,ADIDAS
538,SENSE,FEELING,HUNCH,IMPRESSION
75,BASH,PARTY,BLOWOUT,SHINDIG
143,LIKE,FOLLOW,SHARE,SUBSCRIBE
106,GRAM,BOOK,TUBE,IN
71,CRUSH,MUG,SQUIRT,SPRITE
294,LIGHT,CORONA,FLARE,RADIATION
495,PERSON,INDIVIDUAL,CHARACTER,PARTY
354,FRUIT,RETURN,REWARD,BENEFIT
129,YAWN,DRAG,SNOOZE,BORE
120,NUMBER,SINGLE,TRACK,CUT
95,MICHELLE,STAN,LOLA,ALEJANDRO
364,MAGIC,CHARM,SPELL,HEX
399,RAW,DELICATE,SENSITIVE,TENDER
22,BITE,WAVE,BARRIER,ASLEEP
282,CADET,BAR,HEATER,STATION
361,YO,SUS,ME,ELLA
153,SHORT,SPARE,LIGHT,THIN
500,EXCLUSIVE,RARE,LIMITED,COLLECTIBLE
503,NEAT,DRY,VIRGIN,STRAIGHT
375,SOLID,GENIUS,BEGINNER,AMAZING
419,VISIT,FREQUENT,HAUNT,PATRONIZE
252,ORANGE,MEATBALL,MOZZARELLA,JAWBREAKER
137,GLOBE,BUBBLE,MARBLE,PEARL
491,CACTUS,HEDGEHOG,PINEAPPLE,MACE
286,SUNFLOWER,SNAIL,CYCLONE,GALAXY
452,TONGUE,LANGUAGE,SPEECH,DIALECT
154,SCOUT,COACH,GM,PLAYER
67,MEAL,ROOT,DANCE,ONE
438,DOME,BOWL,COLISEUM,ARENA
261,BRAVE,FACE,MEET,CONFRONT
298,TINDER,GOLDILOCKS,LEADERSHIP,IRONIC
459,COCONUT,SOULMATE,UPDO,WALLET
288,RUSHMORE,JOURNEYMAN,KISSCAM,CREAMSICLE
317,SYMPHONY,CYMBAL,SIMMER,SCIMITAR
443,PEACOCK,BEETHOVEN,CORNUCOPIA,KALEIDOSCOPE
422,KINKY,FIDDLER,MERRILY,JERSEY
521,GOO,APP,MOTOR,SAM
354,FRANK,MUM,VAMP,WERE
289,EAR,MAR,SAT,MER
50,DIM,QUART,PEN,NICK
423,CART,WASHING,BIDE,NIX
179,MA,LA,OK,HI
44,SOLID,PLASMA,GAS,LIQUID
65,GAS,LIQUID,SOLID,PLASMA
216,LIQUID,GAS,SOLID,PLASMA
196,CROWN,ROBE,TORCH,TABLET
470,RANKING,STATION,POSITION,STANDING
516,HANGER,T-BONE,SKIRT,FILET
133,PICKLE,SCRAPE,BIND,SPOT
53,HIGH,LIT,BAKED,BLAZED
244,RAT,CANARY,SNITCH,FINK
46,CYCLONE,TORNADO,SQUALL,BLIZZARD
5,PRIME,PEACOCK,HULU,NETFLIX
438,ALLEY,COURT,LANE,DRIVE
38,ELM,JUMP,SESAME,FEAR
434,TRY,TAX,TEST,STRAIN
503,BIKINI,CHEESE,BEAN,THEORY
324,SHADOW,FUZZ,WHISKERS,SCRUFF
309,FIRM,SOUND,STABLE,SOLID
107,BRIEF,DIGEST,ABSTRACT,RUNDOWN
310,SHORTS,TEE,SUNGLASSES,HAT
180,PRINCE,BANNER,STARK,WAYNE
183,SHARK,QUACK,CROOK,CHEAT
227,STAFF,SCEPTER,WAND,BATON
228,AT,DOLLAR,POUND,PERCENT
377,ARROW,HYPHEN,CHECKBOX,BULLET
19,ROW,SPAT,TIFF,QUARREL
48,RIB,NEEDLE,POKE,TEASE
52,CARP,GROUSE,MOAN,GRIPE
3,WOLF,CHOW,SCARF,GOBBLE
57,FICTION,LIE,FIB,TALE
26,PARROT,MIMIC,ECHO,COPY
49,QUIRKY,KOOKY,DAFFY,WACKY
5,BLUE,GLUM,DOWN,LOW
37,MOVE,HAWK,PEDDLE,VEND
64,BONE,SHIRT,STORM,REX
528,PADDLE,NET,BALL,TABLE
132,PLATE,DISH,SAUCER,BOWL
369,USE,MILK,EXPLOIT,LEVERAGE
383,MAKE,NET,CLEAR,EARN
61,GENIUS,FACULTY,GIFT,FLAIR
408,CONCRETE,MATERIAL,REAL,SOLID
108,FOOL,MARK,CHUMP,SUCKER
352,LOVERS,FOOL,MAGICIAN,TOWER
149,RAT,SING,SNITCH,SQUEAL
128,RASPBERRY,HISS,BOO,JEER
53,CLASS,ORDER,FAMILY,DOMAIN
293,MEDICINE,PROMPTER,COMMUTE,VISION
235,LOVE,AD,DEUCE,ALL
148,WAX,PLATTER,VINYL,LP
86,TURKEY,PIE,GRAVY,STUFFING
534,PRINCE,MERMAID,TRAMP,RASCALS
323,BOX,STAGE,ORCHESTRA,BALCONY
61,OPPENHEIMER,HAWKING,EINSTEIN,FEYNMAN
389,COAT,FILM,SKIN,LAYER
434,SAMPLE,MIX,SCRATCH,SPIN
279,STICK,BONE,BALL,FRISBEE
450,BUZZ,DANCE,STING,POLLINATE
284,TOWEL,SLIPPERS,ROBE,WASHCLOTH
304,MITTENS,KETTLES,RAINDROPS,WHISKERS
258,PILLOW,SHUTTLECOCK,BOA,HEADDRESS
371,MARACA,HANDS,POLAROID,SNOWGLOBE
392,TEA,PALM,TAROT,AURA
215,DICE,CHIPS,CARDS,SLOTS
491,BOTTLE,MUSHROOM,GRADUATE,SALARY
73,SHADOW,VOTE,MOVIE,DOUBT
187,BLOW,BABY,PACKAGE,SPEECH
458,BALLOON,TIRE,FLOATIE,BASKETBALL
527,SOAP,CANDLE,INCENSE,LOTION
484,EGGPLANT,LAVENDER,AMETHYST,GRIMACE
112,BRICK,CARDINAL,BEET,POPPY
441,STRAWBERRY,ROSE,MARS,DEVIL
169,STICK,GUM,TAPE,GLUE
123,NOSE,FAUCET,MASCARA,CANDIDATE
258,COBRA,LIGHTNING,INSPIRATION,UNION
214,SMOKE,DUST,POLLEN,PEPPER
527,NETTLE,INSULT,JELLYFISH,WASP
278,FEET,CHEESE,GARBAGE,SKUNK
353,GLOBE,TOP,RECORD,CAROUSEL
163,STRAW,VAMPIRE,VACUUM,LEECH
120,KETTLE,TRAIN,BIRD,REFEREE
196,DICE,CANDLE,EYELASH,DANDELION
448,TONGUE,HEELS,MOUSE,REMOTE
368,SMILE,EGG,KNUCKLES,WINDOW
276,DART,HEM,PLEAT,SEAM
486,GLOVE,TEE,BALL,DRIVER
444,BYTE,DRILL,COMEDIAN,BRIDLE
108,POTATO,FACE,NEEDLE,HURRICANE
540,POEM,YARDSTICK,FURNITURE,BIPED
8,LOCKSMITH,PIANO,FLORIDA,CRYPTOGRAPHY
394,CAKE,ONION,EARTH,PLYWOOD
155,TEA,BOOK,TREE,TABLE
65,TREE,CIRCUS,SATURN,WEDDING
544,CLAM,TURTLE,EGG,NUT
296,CASINO,SPATULA,ATM,SCHEDULE
438,GUTTER,WHALE,TEAPOT,FOUNTAIN
357,TRAMPOLINE,MOUSETRAP,MATTRESS,CLOCK
85,GEAR,COMB,SAW,ZIPPER
253,CARD,PICTURE,BATH,CURTAIN
290,VOLLEYBALL,TABLE,RECORD,MOOD
408,WRENCH,CURVEBALL,PARTY,TANTRUM
439,FLING,CHUCK,CAST,HURL
394,PEPPER,SPRINKLE,SCATTER,STREW
303,DART,AXE,RING,HORSESHOE
460,STORY,DECK,FLOOR,LEVEL
221,LIST,CANT,LEAN,SLOPE
240,LEAVE,BREAK,HOLIDAY,RECESS
66,YEAR,DECADE,CENTURY,MILLENNIUM
39,WATCH,CLOCK,SUNDIAL,HOURGLASS
18,GREY,HOUSE,QUINN,HOWSER
214,SHAFT,MONK,MAGNUM,TRACY
448,STAND,BEAR,STOMACH,TAKE
521,SWALLOW,BEAR,STAND,TAKE
26,PETTY,CRUISE,HOLLAND,WAITS
71,HAWK,MONTANA,STARK,SOPRANO
217,POINT,SUBJECT,MATTER,ISSUE
115,DONUT,LIFESAVER,CHEERIO,BAGEL
469,TIRE,BAGEL,LIFESAVER,WREATH
250,KISS,SKIM,BRUSH,GRAZE
56,PINCH,SWIPE,TAP,SPREAD
271,POLE,HURDLE,HAMMER,JAVELIN
316,HAMMER,HURDLE,POLE,BATON
155,STAMP,FEATURE,HALLMARK,TRAIT
348,EGG,BILL,FUR,VENOM
22,STOP,YIELD,DETOUR,SLOW
333,STATEMENT,BILL,RECEIPT,INVOICE
413,HAND,SEND,PASS,GIVE
284,BABY,MOTHER,SPOIL,PAMPER
93,BARK,ROOT,TRUNK,BRANCH
16,ALMOND,PECAN,WALNUT,CASHEW
38,OAK,POPLAR,ASH,CEDAR
12,TAN,SEC,COT,SIN
28,COCONUT,BANANA,MANGO,PINEAPPLE
99,SMART,MARS,LASSO,ROGERS
130,FIREFLY,FLEABAG,FLIPPER,FARGO
416,SCRUB,CHEER,WEED,FRIEND
177,GLEE,FELICITY,CHEERS,EUPHORIA
382,SPOOL,WIND,WRAP,COIL
191,FREIGHT,OFTEN,CANINE,STONE
390,CINDERELLA,DAVID-AND-GOLIATH,RAGS-TO-RICHES,UNDERDOG
150,WAFFLE,WEDGE,CURLY,SHOESTRING
316,HITCH,BEND,SHEEPSHANK,BOWLINE
50,OIL,WATERCOLOR,ACRYLIC,TEMPERA
163,TUSK,FANG,CANINE,MOLAR
380,MOBILE,BUFFALO,BILLINGS,PHOENIX
473,BROWN,SMITH,DUKE,HOWARD
71,UTAH,ARIZONA,COLORADO,NEVADA
314,SPIRIT,AMERICAN,UNITED,FRONTIER
242,VANILLA,BORING,MUNDANE,DULL
319,IN,OZ,GAL,CAL
176,BUN,LOAF,ROLL,BAGUETTE
155,WORD,LETTER,SENTENCE,PARAGRAPH
534,BEL,BAR,LUX,MOLE
270,FOOT,VERSE,LINE,METER
2,FOOT,LEAGUE,YARD,MILE
50,FOOT,MILE,INCH,YARD
340,YARD,LEAGUE,FATHOM,FOOT
39,MOLE,SECOND,NEWTON,HERTZ
68,PINT,CUP,GALLON,QUART
282,BLANKET,GENERAL,BROAD,SWEEPING
20,RICE,DUKE,BROWN,HOWARD
59,SOME,FEW,HANDFUL,SEVERAL
447,DOWN,GAME,AMENABLE,WILLING
295,CORRECT,AMEND,FIX,REVISE
318,POST,COLUMN,POLE,PILLAR
143,HEM,DARN,SEAM,SEW
182,STICKS,COAL,CARROT,SNOW
429,CONE,FLAG,FLARE,BARRIER
349,SILVER,CROSS,SUN,GARLIC
381,STYLE,KIND,TYPE,SORT
247,LEAK,BEAT,CHARRED,PEE
31,TOMATO,PEPPER,CUCUMBER,EGGPLANT
389,DEVELOP,PROGRAM,CODE,HACK
481,FROST,BEAT,BAKE,PREHEAT
14,LINK,SONIC,CRASH,MARIO
24,GENESIS,SWITCH,WII,DREAMCAST
527,MADDEN,CIVILIZATION,HALO,METROID
131,CLOUD,WEB,NET,METAVERSE
461,MONITOR,SCREEN,TERMINAL,DISPLAY
489,JUICE,ENERGY,ZIP,LIFE
277,SPIKE,BUMP,SET,SERVE
204,WAY,WEE,WHY,WHOA
263,STAKE,BET,RISK,GAMBLE
267,LUMBER,TRUDGE,STOMP,PLOD
248,CLOCK,DECK,BELT,SLUG
312,MAIN,PIPE,CHANNEL,LINE
104,SPRING,TAP,FOUNTAIN,WELL
269,WAVE,SNAP,WHISTLE,SHOUT
533,DRAFT,BOTTLE,TAP,CAN
215,MELT,SLICE,SHRED,CRUMBLE
303,SCRAMBLE,BOIL,FRY,POACH
276,CAN,DRY,FREEZE,CURE
421,MOUNT,BASE,STAND,BRACKET
113,BOW,STAND,SALUTE,KNEEL
431,STUMP,CANVASS,ORGANIZE,CAMPAIGN
486,SCALE,CROP,ROTATE,FLIP
332,VIEW,WINDOW,HISTORY,FILE
100,WINDOW,TAB,HISTORY,BOOKMARK
192,DINKY,SLIGHT,MINUTE,LITTLE
99,COWBOY,SHERIFF,OUTLAW,DRIFTER
481,PUMP,RACE,POUND,THROB
272,SPY,BIRTHMARK,ANIMAL,UNIT
518,PEACE,SCISSORS,VICTORY,TWO
498,SUNTAN,SCULPTURE,THIRD,ALLOY
377,CRUCIFIX,HYBRID,ANGRY,BETRAY
380,SHOVELS,LIKES,INSULTS,APARTMENT
519,DRIVE,DIMENSIONAL,DEFENSE,DEMOCRAT
98,FRESH,ENVIOUS,NAIVE,UNWELL
434,JEALOUS,LUSH,NAUSEOUS,ECOLOGICAL
270,OKAY,KELVIN,THOUSAND,POTASSIUM
256,HUG,OXYGEN,OF,ZERO
433,MAINSTREAM,DAD,BURST,SODA
333,CATTLE,BROTH,ANCESTRY,MERCHANDISE
209,ADULT,TEN,TIMES,KISS
254,DESERT,HOURGLASS,BEACH,PLAYGROUND
169,GROSS,COUNT,SUM,TOTAL
494,VINTAGE,GRAPE,REGION,WINERY
298,SWEET,DRY,BALANCED,FULL
29,FLY,MOTH,GNAT,WASP
104,SWIFT,KEYS,SUMMER,NICKS
123,SWORD,TIARA,LASSO,SHIELD
40,FLUTE,CLARINET,BASSOON,OBOE
82,FLUTE,OBOE,CLARINET,SAXOPHONE
378,THAT,CAT,EDITOR,PASTE
278,FREEZE,SIX,FAKE,CUT
416,MAZE,HOG,FUND,TRIMMER
495,CAT,HAWK,CORNER,LITTER
453,PHONE,DIRT,PAL,CHECK
79,ASH,BLACK,CYBER,FAT
300,EAR,OIL,KETTLE,STEEL
425,BUTTER,DOUGH,BRAZIL,PINE
546,THRONE,POWDER,BATH,REST
369,HEYDAY,HIJINKS,YOGURT,SUPPER
267,CELLOPHANE,ORGANISM,HARPOON,BASSINET
419,CANINE,OZONE,OFTEN,FREIGHT
209,DOZEN,PAIR,GROSS,SCORE
511,TEA,SEW,FAR,DOE
229,ROSE,EXPOSE,RESUME,PATE
440,RADIUS,REVERSE,RIGHT,ARE
221,HELLO,EGGSHELL,GIGGLE,BOOB
26,MIX,MILD,LIVID,DILL
148,SOUP,HERRING,WISH,FUNNY
470,AIR,HEATING,VENTILATION,CONDITIONING
412,POWER,EURO,K,BUBBLEGUM
307,üß†,üöÇ,üåßÔ∏è,‚úàÔ∏è
363,TEASE,WISE,GEEZ,SEIZE
96,CUTIE,SEEDY,EXCEL,ENVY
539,SHELL,ID,CANT,WERE
55,GIGGLE,EGGNOG,LEGGINGS,BAGGAGE
31,LIMA,POLISH,MOBILE,JOB
235,DRAGON,JACK,PASSION,BREAD
31,PAD,PHONE,MAC,POD
68,REAL,WON,RAND,STERLING
430,MUMMY,GIFT,BURRITO,SPRAIN
238,PUG,BRAIN,PRUNE,WALNUT
412,YEN,LONG,PINE,DESIRE
505,JACKET,CAB,PAGES,JOURNALISM
292,CAMEL,BEIGE,TAN,KHAKI
47,TREE,LOTUS,COBRA,WARRIOR
244,MOUNTAIN,CAT,COW,TRIANGLE
459,WARRIOR,TREE,CHAIR,MOUNTAIN
178,TAU,GEM,CAN,LIB
10,TWINS,GOAT,SCALES,FISH
178,SCALES,BULL,CRAB,TWINS
462,LION,CRAB,RAM,BULL
401,PERSONAL,POP-UP,WANT,ATTACK
156,FIRE,ADAM,RED,CARPENTER
94,BEANIE,FUR,SANTA,NEPO
263,FRUIT,BASEBALL,CRICKET,VAMPIRE
347,SPONGE,BIRD,MUD,BUBBLE
341,QUEEN,HONEY,BUSY,SPELLING
359,WET,SECURITY,PICNIC,THROW
231,DUST,HONEY,BAD,BUGS
131,IMPOSSIBLE,GOOD,NOTHING,WARREN
141,HOT,BELLY,SNOOZE,PANIC
68,CARROT,SPONGE,COFFEE,POUND
29,COPY,ALLEY,COOL,LAP
85,FOLDING,HIGH,LAWN,FIRST
368,SEA,CHUMP,LOOSE,CLIMATE
172,COTTAGE,CREAM,STRING,SAY
387,FLOWER,PROBLEM,POSTER,ONLY
295,COMPUTER,BLUE,POTATO,POKER
245,FAMILY,FLEA,FLYING,MEDIA
49,ALARM,GRANDFATHER,BIOLOGICAL,CUCKOO
504,QUALITY,BIRTH,REMOTE,CRUISE
177,CONSTRUCTION,PAPER,WHOOPING,FRASIER
509,DREAM,DINNER,DUE,DELIVERY
275,PIPE,FEVER,AMERICAN,LUCID
533,DOMINO,BUTTERFLY,HALO,PLACEBO
112,BALLPARK,STICK,GO,ACTION
7,STAR,SILVER,JELLY,CRAY
410,SQUID,ARCADE,NUMBERS,BLAME
201,SAINT,BOY,BY,CURIOUS
415,MOTHER,GREY,GOLDEN,SILLY
309,CRAZY,GIFT,CHARLEY,DARK
190,AMATEUR,HAPPY,RUSH,ELEVENTH
374,TIRE,PUMP,WAFFLE,STEAM
142,YELLOW,SPORTS,LIFE,DUST
174,NBA,PAPER,PEARL,TRAFFIC
494,LION,BURGER,PROM,CALIFORNIA
262,SALMON,ROPE,WORD,CORPORATE
525,HARVARD,LEMON,NATURAL,CRIMINAL
168,JUSTICE,IVY,LITTLE,PREMIER
223,LOVE,COVER,SCARLET,CHAIN
4,SPIDER,IRON,SUPER,BAT
370,BULL,MEAT,STOCK,FLEA
329,PROUD,VIRGIN,HAIL,BLOODY
139,NEW,SAILOR,HARVEST,BLUE
119,ROCK,SOAP,COMIC,MET
166,MOUSE,LILY,BACHELOR,MAXI
122,BUTCHER,WAX,TOILET,SCRAP
497,PARALLEL,SOUTH,AMUSEMENT,NATIONAL
199,GHOST,BELL,BLACK,DR
239,TAR,ORCHESTRA,SNAKE,BARBECUE
216,PERFECT,ELEVATOR,FEVER,SALES
61,MATCH,WEST,SELLING,MOOT
394,BAKED,SWEET,COUCH,HOT
54,ROCKY,HIGH,SILK,ABBEY
340,GARAGE,CLEARANCE,SAMPLE,BAKE
439,TUBE,CREW,SWEAT,ANKLE
55,MEMORY,SELFIE,HOCKEY,FISH
136,MAPLE,SIMPLE,COUGH,CORN
428,COFFEE,WATER,POOL,PERIODIC
407,DOG,PHONE,FREEZE,PRICE
393,FISH,FOLK,FAIRY,TALL
89,SCOTCH,RED,TICKER,DEMO
202,BEAR,SAND,SPEED,TOURIST
17,BERMUDA,LOVE,RIGHT,ACUTE
292,COLOR,HAMSTER,CHEESE,PRAYER
303,GIFT,SHRINK,BUBBLE,BODY
227,SCHOOL,GAP,LIGHT,LEAP
277,DAY,JELL,JACKIE,DADDY
179,POM,YO,BOO,TOM
367,MATCH,FACE,POCKET,MAC
257,POD,TYPE,BROAD,FORE
405,MAY,SUN,WALL,WILD
244,DRAGON,BUTTER,HORSE,FIRE
480,FORE,ARROW,KNUCKLE,BLOCK
81,APPLE,CRACKER,FLAP,LUMBER
188,FIN,ICE,IRE,GREEN
530,WHIRL,LIVER,CAR,DEAD
240,DRIFT,SANDAL,HOLLY,DOG
139,SAME,SECOND,DITTO,LIKEWISE
381,NICE,SWEET,SICK,COOL
366,BEES,GOSSIP,CAFFEINE,INTERCOMS
63,PLANET,OBVIOUS,CRUNCH,KANGAROO
164,CLARK,COWL,CRAVEN,CHEN
106,COAT,CAKE,CRUST,COVER
373,HURRY,NOW,STAT,PRONTO
153,ROOM,CLUE,GRIP,LIFE
136,GOODNESS,MERCY,HEAVENS,LORD
299,JOKER,SINNER,SMOKER,LOVER
285,SORRY,OOPS,APOLOGIES,PARDON
117,HOOK,NANA,PETER,WENDY
216,PHAT,PHILLY,PHEW,PHISH
75,WHALE,PUPPET,CRICKET,WOODCARVER
113,DOG,ARROW,FINGER,HINT
127,THING,LURCH,WEDNESDAY,FESTER
299,WITCH,LION,SCARECROW,WIZARD
